quest_id	title	eq_group	eq_zone	eq_phase	category	confidence_in_classification	finding	related_ids_not_replacements	next_step	sources	exact_title_candidates_not_replacements
6984	A Smokywood Pastures' Thank You!	Seasonal	-1001		Ежегодный праздник	high	Winter Veil: ордынское завершение цепочки после 6983, Smokywood→Great-father Winter в Orgrimmar; в TBC Questie не скрывает этот ID во время праздника. Принадлежность празднику подтверждена; причина пустого ответа API вне события не доказана, доступность на Anniversary требует проверки в период праздника.	6983	Сохранить ID. Возможна отдельная метка Season; повторно запросить API и проверить выдачу на соответствующем празднике, не удалять по одному скану.	https://github.com/Questie/Questie/blob/94e2a1420ba989c344508f1b08e6767a8a3fa5a3/Database/TBC/tbcQuestDB.lua#L2935 ; https://github.com/Questie/Questie/blob/94e2a1420ba989c344508f1b08e6767a8a3fa5a3/Database/Corrections/Holidays/quests/WinterVeil.lua#L18	-
7045	A Smokywood Pastures' Thank You!	Seasonal	-1001		Ежегодный праздник	high	Winter Veil: альянсовое завершение после 7043, Smokywood→Greatfather Winter в Ironforge; это другая фракционная ветка, не дубликат 6984. Принадлежность празднику подтверждена; причина пустого ответа API вне события не доказана, доступность на Anniversary требует проверки в период праздника.	7043,6984	Сохранить ID. Возможна отдельная метка Season; повторно запросить API и проверить выдачу на соответствующем празднике, не удалять по одному скану.	https://github.com/Questie/Questie/blob/94e2a1420ba989c344508f1b08e6767a8a3fa5a3/Database/TBC/tbcQuestDB.lua#L2953 ; https://github.com/Questie/Questie/blob/94e2a1420ba989c344508f1b08e6767a8a3fa5a3/Database/Corrections/Holidays/quests/WinterVeil.lua#L19	-
7063	The Feast of Winter Veil	Seasonal	-1001		Ежегодный праздник	high	Winter Veil: альянсовый этап с книгой,2916→Magni 2784 после 7062. Совпавший 7061 — ордынский этап с Cairne 3057 после 6964, а не замена. Принадлежность празднику подтверждена; причина пустого ответа API вне события не доказана, доступность на Anniversary требует проверки в период праздника.	7062,7061	Сохранить ID. Возможна отдельная метка Season; повторно запросить API и проверить выдачу на соответствующем празднике, не удалять по одному скану.	https://github.com/Questie/Questie/blob/94e2a1420ba989c344508f1b08e6767a8a3fa5a3/Database/TBC/tbcQuestDB.lua#L2957 ; https://github.com/Questie/Questie/blob/94e2a1420ba989c344508f1b08e6767a8a3fa5a3/Database/Corrections/Holidays/quests/WinterVeil.lua#L20	7061
7361	Favor Amongst the Darkspear	Battlegrounds	2597		Историческая PvP-механика	high	Старая сдача голов ночных эльфов игроков в Alterac Valley; исторический квест удален в patch 1.10.0. Это не будущая фаза TBC и не новый ID.		Кандидат на историческую/недоступную запись для Anniversary; историю выполнения не удалять.	https://github.com/Questie/Questie/blob/94e2a1420ba989c344508f1b08e6767a8a3fa5a3/Database/TBC/tbcQuestDB.lua#L3002 ; https://warcraft.wiki.gg/wiki/Favor_Amongst_the_Darkspear	-
7363	The Human Condition	Battlegrounds	2597		Историческая PvP-механика	high	Старая сдача костных осколков людей игроков в Alterac Valley; исторический квест удален в patch 1.10.0. Это не будущая фаза TBC и не новый ID.		Кандидат на историческую/недоступную запись для Anniversary; историю выполнения не удалять.	https://github.com/Questie/Questie/blob/94e2a1420ba989c344508f1b08e6767a8a3fa5a3/Database/TBC/tbcQuestDB.lua#L3004 ; https://warcraft.wiki.gg/wiki/The_Human_Condition	-
7364	Gnomeregan Bounty	Battlegrounds	2597		Историческая PvP-механика	high	Старая сдача копыт тауренов игроков в Alterac Valley; исторический квест удален в patch 1.10.0. Это не будущая фаза TBC и не новый ID.		Кандидат на историческую/недоступную запись для Anniversary; историю выполнения не удалять.	https://github.com/Questie/Questie/blob/94e2a1420ba989c344508f1b08e6767a8a3fa5a3/Database/TBC/tbcQuestDB.lua#L3005 ; https://warcraft.wiki.gg/wiki/Gnomeregan_Bounty	-
7365	Staghelm's Requiem	Battlegrounds	2597		Историческая PvP-механика	high	Старая сдача моджо троллей игроков в Alterac Valley; исторический квест удален в patch 1.10.0. Это не будущая фаза TBC и не новый ID.		Кандидат на историческую/недоступную запись для Anniversary; историю выполнения не удалять.	https://github.com/Questie/Questie/blob/94e2a1420ba989c344508f1b08e6767a8a3fa5a3/Database/TBC/tbcQuestDB.lua#L3006 ; https://warcraft.wiki.gg/wiki/Staghelm%27s_Requiem	-
7366	The Archbishop's Mercy	Battlegrounds	2597		Историческая PvP-механика	high	Старая сдача сердец Отрекшихся игроков в Alterac Valley; исторический квест удален в patch 1.10.0. Это не будущая фаза TBC и не новый ID.		Кандидат на историческую/недоступную запись для Anniversary; историю выполнения не удалять.	https://github.com/Questie/Questie/blob/94e2a1420ba989c344508f1b08e6767a8a3fa5a3/Database/TBC/tbcQuestDB.lua#L3007 ; https://warcraft.wiki.gg/wiki/The_Archbishop%27s_Mercy	-
7381	The Return of Korrak	Battlegrounds	2597		Историческая PvP-механика	high	Старый повторяемый квест на Korrak в Alterac Valley. Patch 1.8.0 явно убрал The Return of Korrak и Korrak the Everliving; награды начальных квестов переместили в победные AV-квесты. Не относится к будущей фазе TBC.		Кандидат на историческую запись; не подменять ID квестом победы и не переносить completion.	https://github.com/Questie/Questie/blob/94e2a1420ba989c344508f1b08e6767a8a3fa5a3/Database/TBC/tbcQuestDB.lua#L3010 ; https://warcraft.wiki.gg/wiki/Patch_1.8	-
7382	Korrak the Everliving	Battlegrounds	2597		Историческая PvP-механика	high	Старый повторяемый квест на Korrak в Alterac Valley. Patch 1.8.0 явно убрал The Return of Korrak и Korrak the Everliving; награды начальных квестов переместили в победные AV-квесты. Не относится к будущей фазе TBC.		Кандидат на историческую запись; не подменять ID квестом победы и не переносить completion.	https://github.com/Questie/Questie/blob/94e2a1420ba989c344508f1b08e6767a8a3fa5a3/Database/TBC/tbcQuestDB.lua#L3011 ; https://warcraft.wiki.gg/wiki/Patch_1.8	-
7402	"Wanted": ORCS!	Battlegrounds	2597		Историческая PvP-механика	high	Старая сдача зубов орков игроков в Alterac Valley; исторический квест удален в patch 1.10.0. Это не будущая фаза TBC и не новый ID.		Кандидат на историческую/недоступную запись для Anniversary; историю выполнения не удалять.	https://github.com/Questie/Questie/blob/94e2a1420ba989c344508f1b08e6767a8a3fa5a3/Database/TBC/tbcQuestDB.lua#L3016 ; https://warcraft.wiki.gg/wiki/Wanted%3A_ORCS%21	-
7633	An Introduction	Classes	-261		Вводный квест охотника: причина API неизвестна	low	Вводная запись у Vartrus после The Ancient Leaf 7632; Questie сохраняет её в TBC. Доказательств смены ID или удаления именно в Anniversary нет.	7632,7634,7635,7636	Оставить на проверке; снять ID при диалоге/сдаче на охотнике с выполненным 7632.	https://github.com/Questie/Questie/blob/94e2a1420ba989c344508f1b08e6767a8a3fa5a3/Database/TBC/tbcQuestDB.lua#L3084 ; https://github.com/Questie/Questie/blob/94e2a1420ba989c344508f1b08e6767a8a3fa5a3/Database/Corrections/classicQuestFixes.lua#L4217 ; https://classicdb.ch/?quest=7633	-
7660	Wolf Swapping - Arctic Wolf	Kalimdor	1637		Обмен старых маунтов	medium	Wolf Swapping - Arctic Wolf: обмен старого неброневого эпического маунта на новый бронированный, а не способ получить старую модель. Исторический механизм patch 1.4; в интервью Blizzard подтвердили, что исходные неброневые маунты не возвращали в Classic. Поэтому для Anniversary это обоснованно историческая запись, но сам NPC сейчас не проверялся.		Не ждать фаз 4/5 TBC. Кандидат на Legacy/Unavailable с сохранением записи и истории; не заменять ID.	https://github.com/Questie/Questie/blob/94e2a1420ba989c344508f1b08e6767a8a3fa5a3/Database/TBC/tbcQuestDB.lua#L3111 ; https://www.wowhead.com/classic/news/brian-birmingham-and-patrick-dawson-from-wow-classic-on-vanilla-collector-s-291717 ; https://www.wowhead.com/wotlk/quest=7660/wolf-swapping-arctic-wolf	-
7661	Wolf Swapping - Red Wolf	Kalimdor	1637		Обмен старых маунтов	medium	Wolf Swapping - Red Wolf: обмен старого неброневого эпического маунта на новый бронированный, а не способ получить старую модель. Исторический механизм patch 1.4; в интервью Blizzard подтвердили, что исходные неброневые маунты не возвращали в Classic. Поэтому для Anniversary это обоснованно историческая запись, но сам NPC сейчас не проверялся.		Не ждать фаз 4/5 TBC. Кандидат на Legacy/Unavailable с сохранением записи и истории; не заменять ID.	https://github.com/Questie/Questie/blob/94e2a1420ba989c344508f1b08e6767a8a3fa5a3/Database/TBC/tbcQuestDB.lua#L3112 ; https://www.wowhead.com/classic/news/brian-birmingham-and-patrick-dawson-from-wow-classic-on-vanilla-collector-s-291717 ; https://www.wowhead.com/wotlk/quest=7660/wolf-swapping-arctic-wolf	-
7662	New Kodo - Teal	Kalimdor	215		Обмен старых маунтов	medium	New Kodo - Teal: обмен старого неброневого эпического маунта на новый бронированный, а не способ получить старую модель. Исторический механизм patch 1.4; в интервью Blizzard подтвердили, что исходные неброневые маунты не возвращали в Classic. Поэтому для Anniversary это обоснованно историческая запись, но сам NPC сейчас не проверялся.		Не ждать фаз 4/5 TBC. Кандидат на Legacy/Unavailable с сохранением записи и истории; не заменять ID.	https://github.com/Questie/Questie/blob/94e2a1420ba989c344508f1b08e6767a8a3fa5a3/Database/TBC/tbcQuestDB.lua#L3113 ; https://www.wowhead.com/classic/news/brian-birmingham-and-patrick-dawson-from-wow-classic-on-vanilla-collector-s-291717 ; https://www.wowhead.com/wotlk/quest=7660/wolf-swapping-arctic-wolf	-
7663	New Kodo - Green	Kalimdor	215		Обмен старых маунтов	medium	New Kodo - Green: обмен старого неброневого эпического маунта на новый бронированный, а не способ получить старую модель. Исторический механизм patch 1.4; в интервью Blizzard подтвердили, что исходные неброневые маунты не возвращали в Classic. Поэтому для Anniversary это обоснованно историческая запись, но сам NPC сейчас не проверялся.		Не ждать фаз 4/5 TBC. Кандидат на Legacy/Unavailable с сохранением записи и истории; не заменять ID.	https://github.com/Questie/Questie/blob/94e2a1420ba989c344508f1b08e6767a8a3fa5a3/Database/TBC/tbcQuestDB.lua#L3114 ; https://www.wowhead.com/classic/news/brian-birmingham-and-patrick-dawson-from-wow-classic-on-vanilla-collector-s-291717 ; https://www.wowhead.com/wotlk/quest=7660/wolf-swapping-arctic-wolf	-
7664	Ivory Raptor Replacement	Kalimdor	14		Обмен старых маунтов	medium	Ivory Raptor Replacement: обмен старого неброневого эпического маунта на новый бронированный, а не способ получить старую модель. Исторический механизм patch 1.4; в интервью Blizzard подтвердили, что исходные неброневые маунты не возвращали в Classic. Поэтому для Anniversary это обоснованно историческая запись, но сам NPC сейчас не проверялся.		Не ждать фаз 4/5 TBC. Кандидат на Legacy/Unavailable с сохранением записи и истории; не заменять ID.	https://github.com/Questie/Questie/blob/94e2a1420ba989c344508f1b08e6767a8a3fa5a3/Database/TBC/tbcQuestDB.lua#L3115 ; https://www.wowhead.com/classic/news/brian-birmingham-and-patrick-dawson-from-wow-classic-on-vanilla-collector-s-291717 ; https://www.wowhead.com/wotlk/quest=7660/wolf-swapping-arctic-wolf	-
7665	Red Raptor Replacement	Kalimdor	14		Обмен старых маунтов	medium	Red Raptor Replacement: обмен старого неброневого эпического маунта на новый бронированный, а не способ получить старую модель. Исторический механизм patch 1.4; в интервью Blizzard подтвердили, что исходные неброневые маунты не возвращали в Classic. Поэтому для Anniversary это обоснованно историческая запись, но сам NPC сейчас не проверялся.		Не ждать фаз 4/5 TBC. Кандидат на Legacy/Unavailable с сохранением записи и истории; не заменять ID.	https://github.com/Questie/Questie/blob/94e2a1420ba989c344508f1b08e6767a8a3fa5a3/Database/TBC/tbcQuestDB.lua#L3116 ; https://www.wowhead.com/classic/news/brian-birmingham-and-patrick-dawson-from-wow-classic-on-vanilla-collector-s-291717 ; https://www.wowhead.com/wotlk/quest=7660/wolf-swapping-arctic-wolf	-
7671	Frostsaber Replacement	Kalimdor	1657		Обмен старых маунтов	medium	Frostsaber Replacement: обмен старого неброневого эпического маунта на новый бронированный, а не способ получить старую модель. Исторический механизм patch 1.4; в интервью Blizzard подтвердили, что исходные неброневые маунты не возвращали в Classic. Поэтому для Anniversary это обоснованно историческая запись, но сам NPC сейчас не проверялся.		Не ждать фаз 4/5 TBC. Кандидат на Legacy/Unavailable с сохранением записи и истории; не заменять ID.	https://github.com/Questie/Questie/blob/94e2a1420ba989c344508f1b08e6767a8a3fa5a3/Database/TBC/tbcQuestDB.lua#L3122 ; https://www.wowhead.com/classic/news/brian-birmingham-and-patrick-dawson-from-wow-classic-on-vanilla-collector-s-291717 ; https://www.wowhead.com/wotlk/quest=7660/wolf-swapping-arctic-wolf	-
7672	Nightsaber Replacement	Kalimdor	1657		Обмен старых маунтов	medium	Nightsaber Replacement: обмен старого неброневого эпического маунта на новый бронированный, а не способ получить старую модель. Исторический механизм patch 1.4; в интервью Blizzard подтвердили, что исходные неброневые маунты не возвращали в Classic. Поэтому для Anniversary это обоснованно историческая запись, но сам NPC сейчас не проверялся.		Не ждать фаз 4/5 TBC. Кандидат на Legacy/Unavailable с сохранением записи и истории; не заменять ID.	https://github.com/Questie/Questie/blob/94e2a1420ba989c344508f1b08e6767a8a3fa5a3/Database/TBC/tbcQuestDB.lua#L3123 ; https://www.wowhead.com/classic/news/brian-birmingham-and-patrick-dawson-from-wow-classic-on-vanilla-collector-s-291717 ; https://www.wowhead.com/wotlk/quest=7660/wolf-swapping-arctic-wolf	-
7673	Frost Ram Exchange	Eastern Kingdoms	1		Обмен старых маунтов	medium	Frost Ram Exchange: обмен старого неброневого эпического маунта на новый бронированный, а не способ получить старую модель. Исторический механизм patch 1.4; в интервью Blizzard подтвердили, что исходные неброневые маунты не возвращали в Classic. Поэтому для Anniversary это обоснованно историческая запись, но сам NPC сейчас не проверялся.		Не ждать фаз 4/5 TBC. Кандидат на Legacy/Unavailable с сохранением записи и истории; не заменять ID.	https://github.com/Questie/Questie/blob/94e2a1420ba989c344508f1b08e6767a8a3fa5a3/Database/TBC/tbcQuestDB.lua#L3124 ; https://www.wowhead.com/classic/news/brian-birmingham-and-patrick-dawson-from-wow-classic-on-vanilla-collector-s-291717 ; https://www.wowhead.com/wotlk/quest=7660/wolf-swapping-arctic-wolf	-
7674	Black Ram Exchange	Eastern Kingdoms	1		Обмен старых маунтов	medium	Black Ram Exchange: обмен старого неброневого эпического маунта на новый бронированный, а не способ получить старую модель. Исторический механизм patch 1.4; в интервью Blizzard подтвердили, что исходные неброневые маунты не возвращали в Classic. Поэтому для Anniversary это обоснованно историческая запись, но сам NPC сейчас не проверялся.		Не ждать фаз 4/5 TBC. Кандидат на Legacy/Unavailable с сохранением записи и истории; не заменять ID.	https://github.com/Questie/Questie/blob/94e2a1420ba989c344508f1b08e6767a8a3fa5a3/Database/TBC/tbcQuestDB.lua#L3125 ; https://www.wowhead.com/classic/news/brian-birmingham-and-patrick-dawson-from-wow-classic-on-vanilla-collector-s-291717 ; https://www.wowhead.com/wotlk/quest=7660/wolf-swapping-arctic-wolf	-
7675	Icy Blue Mechanostrider Replacement	Eastern Kingdoms	1		Обмен старых маунтов	medium	Icy Blue Mechanostrider Replacement: обмен старого неброневого эпического маунта на новый бронированный, а не способ получить старую модель. Исторический механизм patch 1.4; в интервью Blizzard подтвердили, что исходные неброневые маунты не возвращали в Classic. Поэтому для Anniversary это обоснованно историческая запись, но сам NPC сейчас не проверялся.		Не ждать фаз 4/5 TBC. Кандидат на Legacy/Unavailable с сохранением записи и истории; не заменять ID.	https://github.com/Questie/Questie/blob/94e2a1420ba989c344508f1b08e6767a8a3fa5a3/Database/TBC/tbcQuestDB.lua#L3126 ; https://www.wowhead.com/classic/news/brian-birmingham-and-patrick-dawson-from-wow-classic-on-vanilla-collector-s-291717 ; https://www.wowhead.com/wotlk/quest=7660/wolf-swapping-arctic-wolf	-
7676	White Mechanostrider Replacement	Eastern Kingdoms	1		Обмен старых маунтов	medium	White Mechanostrider Replacement: обмен старого неброневого эпического маунта на новый бронированный, а не способ получить старую модель. Исторический механизм patch 1.4; в интервью Blizzard подтвердили, что исходные неброневые маунты не возвращали в Classic. Поэтому для Anniversary это обоснованно историческая запись, но сам NPC сейчас не проверялся.		Не ждать фаз 4/5 TBC. Кандидат на Legacy/Unavailable с сохранением записи и истории; не заменять ID.	https://github.com/Questie/Questie/blob/94e2a1420ba989c344508f1b08e6767a8a3fa5a3/Database/TBC/tbcQuestDB.lua#L3127 ; https://www.wowhead.com/classic/news/brian-birmingham-and-patrick-dawson-from-wow-classic-on-vanilla-collector-s-291717 ; https://www.wowhead.com/wotlk/quest=7660/wolf-swapping-arctic-wolf	-
7677	White Stallion Exchange	Eastern Kingdoms	12		Обмен старых маунтов	medium	White Stallion Exchange: обмен старого неброневого эпического маунта на новый бронированный, а не способ получить старую модель. Исторический механизм patch 1.4; в интервью Blizzard подтвердили, что исходные неброневые маунты не возвращали в Classic. Поэтому для Anniversary это обоснованно историческая запись, но сам NPC сейчас не проверялся.		Не ждать фаз 4/5 TBC. Кандидат на Legacy/Unavailable с сохранением записи и истории; не заменять ID.	https://github.com/Questie/Questie/blob/94e2a1420ba989c344508f1b08e6767a8a3fa5a3/Database/TBC/tbcQuestDB.lua#L3128 ; https://www.wowhead.com/classic/news/brian-birmingham-and-patrick-dawson-from-wow-classic-on-vanilla-collector-s-291717 ; https://www.wowhead.com/wotlk/quest=7660/wolf-swapping-arctic-wolf	-
7678	Palomino Exchange	Eastern Kingdoms	12		Обмен старых маунтов	medium	Palomino Exchange: обмен старого неброневого эпического маунта на новый бронированный, а не способ получить старую модель. Исторический механизм patch 1.4; в интервью Blizzard подтвердили, что исходные неброневые маунты не возвращали в Classic. Поэтому для Anniversary это обоснованно историческая запись, но сам NPC сейчас не проверялся.		Не ждать фаз 4/5 TBC. Кандидат на Legacy/Unavailable с сохранением записи и истории; не заменять ID.	https://github.com/Questie/Questie/blob/94e2a1420ba989c344508f1b08e6767a8a3fa5a3/Database/TBC/tbcQuestDB.lua#L3129 ; https://www.wowhead.com/classic/news/brian-birmingham-and-patrick-dawson-from-wow-classic-on-vanilla-collector-s-291717 ; https://www.wowhead.com/wotlk/quest=7660/wolf-swapping-arctic-wolf	-
7863	Sentinel Basic Care Package	Kalimdor	331		Пакеты/награды: причина API неизвестна	medium	Взаимоисключающий уровневый вариант пакета за Friendly с Silverwing Sentinels (3000), NPC 14753, минимальный уровень 25; альтернативы 7864, 7865. Другой пакет не является переехавшим ID. Удаление из Anniversary не подтверждено; условия выдачи не доказывают причину пустого GetQuestInfo.	7864,7865	Проверить NPC 14753 подходящим персонажем с Friendly, до получения любого из пакетов; пока не скрывать как Removed.	https://github.com/Questie/Questie/blob/94e2a1420ba989c344508f1b08e6767a8a3fa5a3/Database/TBC/tbcQuestDB.lua#L3225 ; https://www.wowhead.com/tbc/quest=8260/arathor-basic-care-package	-
7864	Sentinel Standard Care Package	Kalimdor	331		Пакеты/награды: причина API неизвестна	medium	Взаимоисключающий уровневый вариант пакета за Friendly с Silverwing Sentinels (3000), NPC 14753, минимальный уровень 35; альтернативы 7863, 7865. Другой пакет не является переехавшим ID. Удаление из Anniversary не подтверждено; условия выдачи не доказывают причину пустого GetQuestInfo.	7863,7865	Проверить NPC 14753 подходящим персонажем с Friendly, до получения любого из пакетов; пока не скрывать как Removed.	https://github.com/Questie/Questie/blob/94e2a1420ba989c344508f1b08e6767a8a3fa5a3/Database/TBC/tbcQuestDB.lua#L3226 ; https://www.wowhead.com/tbc/quest=8260/arathor-basic-care-package	-
7866	Outrider Basic Care Package	Kalimdor	331		Пакеты/награды: причина API неизвестна	medium	Взаимоисключающий уровневый вариант пакета за Friendly с Warsong Outriders (3000), NPC 14754, минимальный уровень 25; альтернативы 7867, 7868. Другой пакет не является переехавшим ID. Удаление из Anniversary не подтверждено; условия выдачи не доказывают причину пустого GetQuestInfo.	7867,7868	Проверить NPC 14754 подходящим персонажем с Friendly, до получения любого из пакетов; пока не скрывать как Removed.	https://github.com/Questie/Questie/blob/94e2a1420ba989c344508f1b08e6767a8a3fa5a3/Database/TBC/tbcQuestDB.lua#L3228 ; https://www.wowhead.com/tbc/quest=8260/arathor-basic-care-package	-
7867	Outrider Standard Care Package	Kalimdor	331		Пакеты/награды: причина API неизвестна	medium	Взаимоисключающий уровневый вариант пакета за Friendly с Warsong Outriders (3000), NPC 14754, минимальный уровень 35; альтернативы 7866, 7868. Другой пакет не является переехавшим ID. Удаление из Anniversary не подтверждено; условия выдачи не доказывают причину пустого GetQuestInfo.	7866,7868	Проверить NPC 14754 подходящим персонажем с Friendly, до получения любого из пакетов; пока не скрывать как Removed.	https://github.com/Questie/Questie/blob/94e2a1420ba989c344508f1b08e6767a8a3fa5a3/Database/TBC/tbcQuestDB.lua#L3229 ; https://www.wowhead.com/tbc/quest=8260/arathor-basic-care-package	-
7872	Vanquish the Invaders!	Battlegrounds	3277		Историческая PvP-механика	high	Старая сдача одного WSG Mark of Honor, минимальный уровень 40. Найденный по имени 8291 — такой же старый вариант для уровня 60, а не новый Anniversary-ID. Questie явно помещает ОБА ID в старые недоступные PvP-квесты; наличие названия 8291 в API не означает, что его можно взять.	7788,7871,8291	Не менять 7872 на 8291; сохранить уровневые варианты и историю. Рассматривать как Legacy PvP, не Phase 4/5.	https://github.com/Questie/Questie/blob/94e2a1420ba989c344508f1b08e6767a8a3fa5a3/Database/TBC/tbcQuestDB.lua#L3232 ; https://github.com/Questie/Questie/blob/94e2a1420ba989c344508f1b08e6767a8a3fa5a3/Database/Corrections/QuestieQuestBlacklist.lua#L757 ; https://www.wowhead.com/tbc/quest=7873/vanquish-the-invaders ; https://github.com/Questie/Questie/blob/94e2a1420ba989c344508f1b08e6767a8a3fa5a3/Database/TBC/tbcQuestDB.lua#L3472	7788;7871;8291* (нет в EQ)
7873	Vanquish the Invaders!	Battlegrounds	3277		Историческая PvP-механика	high	Старая сдача одного WSG Mark of Honor, минимальный уровень 50. Найденный по имени 8291 — такой же старый вариант для уровня 60, а не новый Anniversary-ID. Questie явно помещает ОБА ID в старые недоступные PvP-квесты; наличие названия 8291 в API не означает, что его можно взять.	7788,7871,8291	Не менять 7873 на 8291; сохранить уровневые варианты и историю. Рассматривать как Legacy PvP, не Phase 4/5.	https://github.com/Questie/Questie/blob/94e2a1420ba989c344508f1b08e6767a8a3fa5a3/Database/TBC/tbcQuestDB.lua#L3233 ; https://github.com/Questie/Questie/blob/94e2a1420ba989c344508f1b08e6767a8a3fa5a3/Database/Corrections/QuestieQuestBlacklist.lua#L757 ; https://www.wowhead.com/tbc/quest=7873/vanquish-the-invaders ; https://github.com/Questie/Questie/blob/94e2a1420ba989c344508f1b08e6767a8a3fa5a3/Database/TBC/tbcQuestDB.lua#L3472	7788;7871;8291* (нет в EQ)
7875	Quell the Silverwing Usurpers	Battlegrounds	3277		Историческая PvP-механика	high	Старая сдача одного WSG Mark of Honor, минимальный уровень 40. Найденный по имени 8294 — такой же старый вариант для уровня 60, а не новый Anniversary-ID. Questie явно помещает ОБА ID в старые недоступные PvP-квесты; наличие названия 8294 в API не означает, что его можно взять.	7789,7874,7876,8294	Не менять 7875 на 8294; сохранить уровневые варианты и историю. Рассматривать как Legacy PvP, не Phase 4/5.	https://github.com/Questie/Questie/blob/94e2a1420ba989c344508f1b08e6767a8a3fa5a3/Database/TBC/tbcQuestDB.lua#L3235 ; https://github.com/Questie/Questie/blob/94e2a1420ba989c344508f1b08e6767a8a3fa5a3/Database/Corrections/QuestieQuestBlacklist.lua#L757 ; https://warcraft.wiki.gg/wiki/Quell_the_Silverwing_Usurpers ; https://github.com/Questie/Questie/blob/94e2a1420ba989c344508f1b08e6767a8a3fa5a3/Database/TBC/tbcQuestDB.lua#L3475	7789;7874;7876;8294* (нет в EQ)
8109	Kezan's Unstoppable Taint	Raids	19		ZG/Naxx/Atiesh: причина API неизвестна	medium	Zul'Gurub: финальное ожерелье warlock, после 8108; требуется Exalted Zandalar Tribe 42000, сдаётся 19604. Отдельная ступень репутации, не найдено другого ID. В Questie удаление помечено только начиная с Cataclysm; этот фильтр не применяется к TBC. Почему 2.5.6 не вернул название, установить по источникам не удалось.	8108	Не скрывать как removed/phase 4/5 и не менять ID. Проверить у NPC персонажем нужного класса с выполненными prerequisites/репутацией; сохранить как API-unresolved.	https://github.com/Questie/Questie/blob/94e2a1420ba989c344508f1b08e6767a8a3fa5a3/Database/TBC/tbcQuestDB.lua#L3347 ; https://github.com/Questie/Questie/blob/94e2a1420ba989c344508f1b08e6767a8a3fa5a3/Database/Corrections/QuestieQuestBlacklist.lua#L4553	-
8113	Pristine Enchanted South Seas Kelp	Raids	19		ZG/Naxx/Atiesh: причина API неизвестна	medium	Zul'Gurub: финальное ожерелье druid после 8112, Exalted 42000, предмет 19612; отдельная ступень репутации. В Questie удаление помечено только начиная с Cataclysm; этот фильтр не применяется к TBC. Почему 2.5.6 не вернул название, установить по источникам не удалось.	8112	Не скрывать как removed/phase 4/5 и не менять ID. Проверить у NPC персонажем нужного класса с выполненными prerequisites/репутацией; сохранить как API-unresolved.	https://github.com/Questie/Questie/blob/94e2a1420ba989c344508f1b08e6767a8a3fa5a3/Database/TBC/tbcQuestDB.lua#L3351 ; https://github.com/Questie/Questie/blob/94e2a1420ba989c344508f1b08e6767a8a3fa5a3/Database/Corrections/QuestieQuestBlacklist.lua#L4557	-
8122	Take Five Bases	Battlegrounds	3358		Остальные: причина API неизвестна	medium	Обычный PvP-квест на одновременное удержание 5 баз AB, Horde, уровень 60 и Exalted (42000) с The Defilers, NPC Deathmaster Dwire (15021). Требования объясняют невидимость у неподходящего персонажа, но не доказывают причину пустого API. Доказательств удаления в TBC нет.		Проверить диалог Deathmaster Dwire на Horde 60+ с Exalted; не удалять и не привязывать к будущей фазе.	https://github.com/Questie/Questie/blob/94e2a1420ba989c344508f1b08e6767a8a3fa5a3/Database/TBC/tbcQuestDB.lua#L3360 ; https://www.wowhead.com/tbc/quest=8122/take-five-bases	-
8143	Zandalarian Shadow Talisman	Raids	19		ZG/Naxx/Atiesh: причина API неизвестна	medium	Zul'Gurub: rogue-ожерелье Revered 21000 после 8142, сдаётся 19615. Названия 8141/8142 совпадают, но это предыдущие репутационные ступени, не замены. В Questie удаление помечено только начиная с Cataclysm; этот фильтр не применяется к TBC. Почему 2.5.6 не вернул название, установить по источникам не удалось.	8141,8142	Не скрывать как removed/phase 4/5 и не менять ID. Проверить у NPC персонажем нужного класса с выполненными prerequisites/репутацией; сохранить как API-unresolved.	https://github.com/Questie/Questie/blob/94e2a1420ba989c344508f1b08e6767a8a3fa5a3/Database/TBC/tbcQuestDB.lua#L3365 ; https://github.com/Questie/Questie/blob/94e2a1420ba989c344508f1b08e6767a8a3fa5a3/Database/Corrections/QuestieQuestBlacklist.lua#L4564	8141;8142
8146	The Maelstrom's Tendril	Raids	19		ZG/Naxx/Atiesh: причина API неизвестна	medium	Zul'Gurub: hunter-ожерелье Honored 9000 после 8145, предмет 19618. Найденный 8145 — предыдущий ранг, не правильный ID вместо 8146. В Questie удаление помечено только начиная с Cataclysm; этот фильтр не применяется к TBC. Почему 2.5.6 не вернул название, установить по источникам не удалось.	8145	Не скрывать как removed/phase 4/5 и не менять ID. Проверить у NPC персонажем нужного класса с выполненными prerequisites/репутацией; сохранить как API-unresolved.	https://github.com/Questie/Questie/blob/94e2a1420ba989c344508f1b08e6767a8a3fa5a3/Database/TBC/tbcQuestDB.lua#L3368 ; https://github.com/Questie/Questie/blob/94e2a1420ba989c344508f1b08e6767a8a3fa5a3/Database/Corrections/QuestieQuestBlacklist.lua#L4567	8145
8147	The Maelstrom's Tendril	Raids	19		ZG/Naxx/Atiesh: причина API неизвестна	medium	Zul'Gurub: hunter-ожерелье Revered 21000 после 8146, предмет 19619; одноимённый 8145 — более ранний ранг. В Questie удаление помечено только начиная с Cataclysm; этот фильтр не применяется к TBC. Почему 2.5.6 не вернул название, установить по источникам не удалось.	8145,8146	Не скрывать как removed/phase 4/5 и не менять ID. Проверить у NPC персонажем нужного класса с выполненными prerequisites/репутацией; сохранить как API-unresolved.	https://github.com/Questie/Questie/blob/94e2a1420ba989c344508f1b08e6767a8a3fa5a3/Database/TBC/tbcQuestDB.lua#L3369 ; https://github.com/Questie/Questie/blob/94e2a1420ba989c344508f1b08e6767a8a3fa5a3/Database/Corrections/QuestieQuestBlacklist.lua#L4568	8145
8148	Maelstrom's Wrath	Raids	19		ZG/Naxx/Atiesh: причина API неизвестна	medium	Zul'Gurub: финальное hunter-ожерелье Exalted 42000 после 8147, сдаётся 19620. Нет свидетельства другого ID. В Questie удаление помечено только начиная с Cataclysm; этот фильтр не применяется к TBC. Почему 2.5.6 не вернул название, установить по источникам не удалось.	8147	Не скрывать как removed/phase 4/5 и не менять ID. Проверить у NPC персонажем нужного класса с выполненными prerequisites/репутацией; сохранить как API-unresolved.	https://github.com/Questie/Questie/blob/94e2a1420ba989c344508f1b08e6767a8a3fa5a3/Database/TBC/tbcQuestDB.lua#L3370 ; https://github.com/Questie/Questie/blob/94e2a1420ba989c344508f1b08e6767a8a3fa5a3/Database/Corrections/QuestieQuestBlacklist.lua#L4569	-
8187	Falcon's Call	Raids	19		ZG/Naxx/Atiesh: причина API неизвестна	medium	Zul'Gurub: повторяемый enchant у Zanza 15042, Friendly 3000 Zandalar Tribe; Primal Hakkari Idol 22637 + hunter doll 19816. В Questie удаление помечено только начиная с Cataclysm; этот фильтр не применяется к TBC. Почему 2.5.6 не вернул название, установить по источникам не удалось.		Не скрывать как removed/phase 4/5 и не менять ID. Проверить у NPC персонажем нужного класса с выполненными prerequisites/репутацией; сохранить как API-unresolved.	https://github.com/Questie/Questie/blob/94e2a1420ba989c344508f1b08e6767a8a3fa5a3/Database/TBC/tbcQuestDB.lua#L3399 ; https://github.com/Questie/Questie/blob/94e2a1420ba989c344508f1b08e6767a8a3fa5a3/Database/Corrections/QuestieQuestBlacklist.lua#L4579	-
8189	Presence of Sight	Raids	19		ZG/Naxx/Atiesh: причина API неизвестна	medium	Zul'Gurub: повторяемый enchant у Zanza 15042, Friendly 3000; Primal Hakkari Idol 22637 + mage doll 19818. В Questie удаление помечено только начиная с Cataclysm; этот фильтр не применяется к TBC. Почему 2.5.6 не вернул название, установить по источникам не удалось.		Не скрывать как removed/phase 4/5 и не менять ID. Проверить у NPC персонажем нужного класса с выполненными prerequisites/репутацией; сохранить как API-unresolved.	https://github.com/Questie/Questie/blob/94e2a1420ba989c344508f1b08e6767a8a3fa5a3/Database/TBC/tbcQuestDB.lua#L3401 ; https://github.com/Questie/Questie/blob/94e2a1420ba989c344508f1b08e6767a8a3fa5a3/Database/Corrections/QuestieQuestBlacklist.lua#L4581	-
8260	Arathor Basic Care Package	Battlegrounds	3358		Пакеты/награды: причина API неизвестна	medium	Взаимоисключающий уровневый вариант пакета за Friendly с League of Arathor (3000), NPC 15127, минимальный уровень 25; альтернативы 8261, 8262. Другой пакет не является переехавшим ID. Удаление из Anniversary не подтверждено; условия выдачи не доказывают причину пустого GetQuestInfo.	8261,8262	Проверить NPC 15127 подходящим персонажем с Friendly, до получения любого из пакетов; пока не скрывать как Removed.	https://github.com/Questie/Questie/blob/94e2a1420ba989c344508f1b08e6767a8a3fa5a3/Database/TBC/tbcQuestDB.lua#L3443 ; https://www.wowhead.com/tbc/quest=8260/arathor-basic-care-package	-
8261	Arathor Standard Care Package	Battlegrounds	3358		Пакеты/награды: причина API неизвестна	medium	Взаимоисключающий уровневый вариант пакета за Friendly с League of Arathor (3000), NPC 15127, минимальный уровень 35; альтернативы 8260, 8262. Другой пакет не является переехавшим ID. Удаление из Anniversary не подтверждено; условия выдачи не доказывают причину пустого GetQuestInfo.	8260,8262	Проверить NPC 15127 подходящим персонажем с Friendly, до получения любого из пакетов; пока не скрывать как Removed.	https://github.com/Questie/Questie/blob/94e2a1420ba989c344508f1b08e6767a8a3fa5a3/Database/TBC/tbcQuestDB.lua#L3444 ; https://www.wowhead.com/tbc/quest=8260/arathor-basic-care-package	-
8263	Defiler's Basic Care Package	Battlegrounds	3358		Пакеты/награды: причина API неизвестна	medium	Взаимоисключающий уровневый вариант пакета за Friendly с The Defilers (3000), NPC 15126, минимальный уровень 25; альтернативы 8264, 8265. Другой пакет не является переехавшим ID. Удаление из Anniversary не подтверждено; условия выдачи не доказывают причину пустого GetQuestInfo.	8264,8265	Проверить NPC 15126 подходящим персонажем с Friendly, до получения любого из пакетов; пока не скрывать как Removed.	https://github.com/Questie/Questie/blob/94e2a1420ba989c344508f1b08e6767a8a3fa5a3/Database/TBC/tbcQuestDB.lua#L3446 ; https://www.wowhead.com/tbc/quest=8260/arathor-basic-care-package	-
8264	Defiler's Standard Care Package	Battlegrounds	3358		Пакеты/награды: причина API неизвестна	medium	Взаимоисключающий уровневый вариант пакета за Friendly с The Defilers (3000), NPC 15126, минимальный уровень 35; альтернативы 8263, 8265. Другой пакет не является переехавшим ID. Удаление из Anniversary не подтверждено; условия выдачи не доказывают причину пустого GetQuestInfo.	8263,8265	Проверить NPC 15126 подходящим персонажем с Friendly, до получения любого из пакетов; пока не скрывать как Removed.	https://github.com/Questie/Questie/blob/94e2a1420ba989c344508f1b08e6767a8a3fa5a3/Database/TBC/tbcQuestDB.lua#L3447 ; https://www.wowhead.com/tbc/quest=8260/arathor-basic-care-package	-
8265	Defiler's Advanced Care Package	Battlegrounds	3358		Пакеты/награды: причина API неизвестна	medium	Взаимоисключающий уровневый вариант пакета за Friendly с The Defilers (3000), NPC 15126, минимальный уровень 45; альтернативы 8263, 8264. Другой пакет не является переехавшим ID. Удаление из Anniversary не подтверждено; условия выдачи не доказывают причину пустого GetQuestInfo.	8263,8264	Проверить NPC 15126 подходящим персонажем с Friendly, до получения любого из пакетов; пока не скрывать как Removed.	https://github.com/Questie/Questie/blob/94e2a1420ba989c344508f1b08e6767a8a3fa5a3/Database/TBC/tbcQuestDB.lua#L3448 ; https://www.wowhead.com/tbc/quest=8260/arathor-basic-care-package	-
8354	Chicken Clucking for a Mint	Seasonal	-1003		Ежегодный праздник	high	Hallow's End: /chicken у Innkeeper Norman 6741 для ордынского задания 8312. Найденный 8353 — альянсовый аналог; менять ID нельзя. Принадлежность празднику подтверждена; причина пустого ответа API вне события не доказана, доступность на Anniversary требует проверки в период праздника.	8312,8353	Сохранить ID. Возможна отдельная метка Season; повторно запросить API и проверить выдачу на соответствующем празднике, не удалять по одному скану.	https://github.com/Questie/Questie/blob/94e2a1420ba989c344508f1b08e6767a8a3fa5a3/Database/TBC/tbcQuestDB.lua#L3534 ; https://github.com/Questie/Questie/blob/94e2a1420ba989c344508f1b08e6767a8a3fa5a3/Database/Corrections/Holidays/quests/HallowsEnd.lua#L15	8353
8355	Incoming Gumdrop	Seasonal	-1003		Ежегодный праздник	high	Hallow's End: /train у Talvash del Kissel 6826, Gnomeregan Gumdrop для альянсового 8311. Родственный 8358 относится к другой фракции и NPC. Принадлежность празднику подтверждена; причина пустого ответа API вне события не доказана, доступность на Anniversary требует проверки в период праздника.	8311,8358	Сохранить ID. Возможна отдельная метка Season; повторно запросить API и проверить выдачу на соответствующем празднике, не удалять по одному скану.	https://github.com/Questie/Questie/blob/94e2a1420ba989c344508f1b08e6767a8a3fa5a3/Database/TBC/tbcQuestDB.lua#L3535 ; https://github.com/Questie/Questie/blob/94e2a1420ba989c344508f1b08e6767a8a3fa5a3/Database/Corrections/Holidays/quests/HallowsEnd.lua#L16	-
8358	Incoming Gumdrop	Seasonal	-1003		Ежегодный праздник	high	Hallow's End: /train у Kali Remik 11814, Darkspear Gumdrop для ордынского 8312; не замена альянсовому 8355. Принадлежность празднику подтверждена; причина пустого ответа API вне события не доказана, доступность на Anniversary требует проверки в период праздника.	8312,8355	Сохранить ID. Возможна отдельная метка Season; повторно запросить API и проверить выдачу на соответствующем празднике, не удалять по одному скану.	https://github.com/Questie/Questie/blob/94e2a1420ba989c344508f1b08e6767a8a3fa5a3/Database/TBC/tbcQuestDB.lua#L3538 ; https://github.com/Questie/Questie/blob/94e2a1420ba989c344508f1b08e6767a8a3fa5a3/Database/Corrections/Holidays/quests/HallowsEnd.lua#L19	-
8359	Flexing for Nougat	Seasonal	-1003		Ежегодный праздник	high	Hallow's End: /flex у Innkeeper Gryshka 6929 для ордынского 8312. API-совпадение 8356 — альянсовый аналог, не тот же квест. Принадлежность празднику подтверждена; причина пустого ответа API вне события не доказана, доступность на Anniversary требует проверки в период праздника.	8312,8356	Сохранить ID. Возможна отдельная метка Season; повторно запросить API и проверить выдачу на соответствующем празднике, не удалять по одному скану.	https://github.com/Questie/Questie/blob/94e2a1420ba989c344508f1b08e6767a8a3fa5a3/Database/TBC/tbcQuestDB.lua#L3539 ; https://github.com/Questie/Questie/blob/94e2a1420ba989c344508f1b08e6767a8a3fa5a3/Database/Corrections/Holidays/quests/HallowsEnd.lua#L20	8356
8376	Armaments of War	Kalimdor	1377		Пакеты/награды: причина API неизвестна	medium	Классовая награда после The Calling (8315): паладин (mask 2), NPC Geologist Larksbane (15183). Одноименные найденные ID — награды других классов, не замены. В Questie удаление указано только с Cataclysm; отсутствие ответа в TBC пока не объяснено.	8315,8316,8377,8379,8380,8381,8382	Не объединять классовые варианты. Проверить награду после 8315 нужным классом; сохранить ID.	https://github.com/Questie/Questie/blob/94e2a1420ba989c344508f1b08e6767a8a3fa5a3/Database/TBC/tbcQuestDB.lua#L3556 ; https://github.com/Questie/Questie/blob/94e2a1420ba989c344508f1b08e6767a8a3fa5a3/Database/Corrections/QuestieQuestBlacklist.lua#L4647 ; https://www.wowhead.com/tbc/quest=8376/armaments-of-war	8316;8377;8379;8380;8381;8382
8378	Armaments of War	Kalimdor	1377		Пакеты/награды: причина API неизвестна	medium	Классовая награда после The Calling (8315): разбойник (mask 8), NPC Geologist Larksbane (15183). Одноименные найденные ID — награды других классов, не замены. В Questie удаление указано только с Cataclysm; отсутствие ответа в TBC пока не объяснено.	8315,8316,8377,8379,8380,8381,8382	Не объединять классовые варианты. Проверить награду после 8315 нужным классом; сохранить ID.	https://github.com/Questie/Questie/blob/94e2a1420ba989c344508f1b08e6767a8a3fa5a3/Database/TBC/tbcQuestDB.lua#L3558 ; https://github.com/Questie/Questie/blob/94e2a1420ba989c344508f1b08e6767a8a3fa5a3/Database/Corrections/QuestieQuestBlacklist.lua#L4647 ; https://www.wowhead.com/wotlk/quest=8378/armaments-of-war	8316;8377;8379;8380;8381;8382
8389	Battle of Warsong Gulch	Battlegrounds	3277		Историческая PvP-механика	high	Старый повторный WSG turn-in за три Marks of Honor, минимальный уровень 10. В TBC-базе Questie название начинается с OLD; отдельные ID соответствуют уровневым и первичным/повторным вариантам. Questie отключает именно этот ID с TBC, поэтому совпадения имени не являются переносом ID.	8368,8426,8427,8429,8430	Кандидат на Legacy PvP. Не заменять одноименным ID и не ожидать открытия фаз.	https://github.com/Questie/Questie/blob/94e2a1420ba989c344508f1b08e6767a8a3fa5a3/Database/TBC/tbcQuestDB.lua#L3569 ; https://github.com/Questie/Questie/blob/94e2a1420ba989c344508f1b08e6767a8a3fa5a3/Database/Corrections/QuestieQuestBlacklist.lua#L1350 ; https://warcraft.wiki.gg/wiki/Category%3ARemoved_in_patch_2.0.1	8368;8426;8427;8429;8430
8407	Fight for Warsong Gulch	Battlegrounds	3277		Историческая PvP-механика	high	Старый повторный WSG turn-in за три Marks of Honor, минимальный уровень 50. В TBC-базе Questie название начинается с OLD; отдельные ID соответствуют уровневым и первичным/повторным вариантам. Questie отключает именно этот ID с TBC, поэтому совпадения имени не являются переносом ID.	8372,8399,8400,8401,8402,8403	Кандидат на Legacy PvP. Не заменять одноименным ID и не ожидать открытия фаз.	https://github.com/Questie/Questie/blob/94e2a1420ba989c344508f1b08e6767a8a3fa5a3/Database/TBC/tbcQuestDB.lua#L3587 ; https://github.com/Questie/Questie/blob/94e2a1420ba989c344508f1b08e6767a8a3fa5a3/Database/Corrections/QuestieQuestBlacklist.lua#L1350 ; https://warcraft.wiki.gg/wiki/Category%3ARemoved_in_patch_2.0.1	8372;8399;8400;8401;8402;8403
8409	Ruined Kegs	Seasonal	-1003		Ежегодный праздник	high	Hallow's End: продолжение Rotten Eggs 8322, после порчи бочек вернуться к Darkcaller Yanka 15197; отдельный этап, не запись Brewfest. Принадлежность празднику подтверждена; причина пустого ответа API вне события не доказана, доступность на Anniversary требует проверки в период праздника.	8322	Сохранить ID. Возможна отдельная метка Season; повторно запросить API и проверить выдачу на соответствующем празднике, не удалять по одному скану.	https://github.com/Questie/Questie/blob/94e2a1420ba989c344508f1b08e6767a8a3fa5a3/Database/TBC/tbcQuestDB.lua#L3589 ; https://github.com/Questie/Questie/blob/94e2a1420ba989c344508f1b08e6767a8a3fa5a3/Database/Corrections/Holidays/quests/HallowsEnd.lua#L23	-
8428	Battle of Warsong Gulch	Battlegrounds	3277		Историческая PvP-механика	high	Старый первичный WSG turn-in за три Marks of Honor, минимальный уровень 40. В TBC-базе Questie название начинается с OLD; отдельные ID соответствуют уровневым и первичным/повторным вариантам. Questie отключает именно этот ID с TBC, поэтому совпадения имени не являются переносом ID.	8368,8426,8427,8429,8430	Кандидат на Legacy PvP. Не заменять одноименным ID и не ожидать открытия фаз.	https://github.com/Questie/Questie/blob/94e2a1420ba989c344508f1b08e6767a8a3fa5a3/Database/TBC/tbcQuestDB.lua#L3608 ; https://github.com/Questie/Questie/blob/94e2a1420ba989c344508f1b08e6767a8a3fa5a3/Database/Corrections/QuestieQuestBlacklist.lua#L1350 ; https://warcraft.wiki.gg/wiki/Category%3ARemoved_in_patch_2.0.1	8368;8426;8427;8429;8430
8431	Battle of Warsong Gulch	Battlegrounds	3277		Историческая PvP-механика	high	Старый повторный WSG turn-in за три Marks of Honor, минимальный уровень 20. В TBC-базе Questie название начинается с OLD; отдельные ID соответствуют уровневым и первичным/повторным вариантам. Questie отключает именно этот ID с TBC, поэтому совпадения имени не являются переносом ID.	8368,8426,8427,8429,8430	Кандидат на Legacy PvP. Не заменять одноименным ID и не ожидать открытия фаз.	https://github.com/Questie/Questie/blob/94e2a1420ba989c344508f1b08e6767a8a3fa5a3/Database/TBC/tbcQuestDB.lua#L3611 ; https://github.com/Questie/Questie/blob/94e2a1420ba989c344508f1b08e6767a8a3fa5a3/Database/Corrections/QuestieQuestBlacklist.lua#L1350 ; https://warcraft.wiki.gg/wiki/Category%3ARemoved_in_patch_2.0.1	8368;8426;8427;8429;8430
8432	Battle of Warsong Gulch	Battlegrounds	3277		Историческая PvP-механика	high	Старый повторный WSG turn-in за три Marks of Honor, минимальный уровень 30. В TBC-базе Questie название начинается с OLD; отдельные ID соответствуют уровневым и первичным/повторным вариантам. Questie отключает именно этот ID с TBC, поэтому совпадения имени не являются переносом ID.	8368,8426,8427,8429,8430	Кандидат на Legacy PvP. Не заменять одноименным ID и не ожидать открытия фаз.	https://github.com/Questie/Questie/blob/94e2a1420ba989c344508f1b08e6767a8a3fa5a3/Database/TBC/tbcQuestDB.lua#L3612 ; https://github.com/Questie/Questie/blob/94e2a1420ba989c344508f1b08e6767a8a3fa5a3/Database/Corrections/QuestieQuestBlacklist.lua#L1350 ; https://warcraft.wiki.gg/wiki/Category%3ARemoved_in_patch_2.0.1	8368;8426;8427;8429;8430
8433	Battle of Warsong Gulch	Battlegrounds	3277		Историческая PvP-механика	high	Старый повторный WSG turn-in за три Marks of Honor, минимальный уровень 40. В TBC-базе Questie название начинается с OLD; отдельные ID соответствуют уровневым и первичным/повторным вариантам. Questie отключает именно этот ID с TBC, поэтому совпадения имени не являются переносом ID.	8368,8426,8427,8429,8430	Кандидат на Legacy PvP. Не заменять одноименным ID и не ожидать открытия фаз.	https://github.com/Questie/Questie/blob/94e2a1420ba989c344508f1b08e6767a8a3fa5a3/Database/TBC/tbcQuestDB.lua#L3613 ; https://github.com/Questie/Questie/blob/94e2a1420ba989c344508f1b08e6767a8a3fa5a3/Database/Corrections/QuestieQuestBlacklist.lua#L1350 ; https://warcraft.wiki.gg/wiki/Category%3ARemoved_in_patch_2.0.1	8368;8426;8427;8429;8430
8434	Battle of Warsong Gulch	Battlegrounds	3277		Историческая PvP-механика	high	Старый повторный WSG turn-in за три Marks of Honor, минимальный уровень 50. В TBC-базе Questie название начинается с OLD; отдельные ID соответствуют уровневым и первичным/повторным вариантам. Questie отключает именно этот ID с TBC, поэтому совпадения имени не являются переносом ID.	8368,8426,8427,8429,8430	Кандидат на Legacy PvP. Не заменять одноименным ID и не ожидать открытия фаз.	https://github.com/Questie/Questie/blob/94e2a1420ba989c344508f1b08e6767a8a3fa5a3/Database/TBC/tbcQuestDB.lua#L3614 ; https://github.com/Questie/Questie/blob/94e2a1420ba989c344508f1b08e6767a8a3fa5a3/Database/Corrections/QuestieQuestBlacklist.lua#L1350 ; https://warcraft.wiki.gg/wiki/Category%3ARemoved_in_patch_2.0.1	8368;8426;8427;8429;8430
8435	Battle of Warsong Gulch	Battlegrounds	3277		Историческая PvP-механика	high	Старый повторный WSG turn-in за три Marks of Honor, минимальный уровень 60. В TBC-базе Questie название начинается с OLD; отдельные ID соответствуют уровневым и первичным/повторным вариантам. Questie отключает именно этот ID с TBC, поэтому совпадения имени не являются переносом ID.	8368,8426,8427,8429,8430	Кандидат на Legacy PvP. Не заменять одноименным ID и не ожидать открытия фаз.	https://github.com/Questie/Questie/blob/94e2a1420ba989c344508f1b08e6767a8a3fa5a3/Database/TBC/tbcQuestDB.lua#L3615 ; https://github.com/Questie/Questie/blob/94e2a1420ba989c344508f1b08e6767a8a3fa5a3/Database/Corrections/QuestieQuestBlacklist.lua#L1350 ; https://warcraft.wiki.gg/wiki/Category%3ARemoved_in_patch_2.0.1	8368;8426;8427;8429;8430
8447	Waking Legends	Miscellaneous	-1		Остальные: причина API неизвестна	medium	Сценка очищения Nightmare Engulfed Object у Keeper Remulos после 8446, награда Malfurion's Signet Ring. Questie считает удаленным только с Cataclysm, а не TBC. Причина отсутствия названия в текущем скане не доказана.	8446	Проверить сдачу Shrouded in Nightmare (8446) и появление продолжения у Keeper Remulos; не ставить Removed.	https://github.com/Questie/Questie/blob/94e2a1420ba989c344508f1b08e6767a8a3fa5a3/Database/TBC/tbcQuestDB.lua#L3625 ; https://www.wowhead.com/tbc/quest=8447/waking-legends ; https://github.com/Questie/Questie/blob/94e2a1420ba989c344508f1b08e6767a8a3fa5a3/Database/Corrections/QuestieQuestBlacklist.lua#L4672	-
8493	The Alliance Needs More Copper Bars!	Miscellaneous	-365		Завершившееся открытие AQ	high	Повторная сдача ресурсов для события открытия Ahn'Qiraj. Questie включает именно этот ID в AQWarEffortQuests и выключает с TBC. Это прошедший War Effort Vanilla, а не будущая фаза TBC и не переехавший ID.	8492	Кандидат на пометку завершенного исторического события; сохранить ID/историю, не назначать TBC Phase 4/5.	https://github.com/Questie/Questie/blob/94e2a1420ba989c344508f1b08e6767a8a3fa5a3/Database/TBC/tbcQuestDB.lua#L3659 ; https://github.com/Questie/Questie/blob/94e2a1420ba989c344508f1b08e6767a8a3fa5a3/Database/Corrections/QuestieQuestBlacklist.lua#L924 ; https://worldofwarcraft.blizzard.com/en-us/news/24213950	-
8495	The Alliance Needs More Iron Bars!	Miscellaneous	-365		Завершившееся открытие AQ	high	Повторная сдача ресурсов для события открытия Ahn'Qiraj. Questie включает именно этот ID в AQWarEffortQuests и выключает с TBC. Это прошедший War Effort Vanilla, а не будущая фаза TBC и не переехавший ID.	8494	Кандидат на пометку завершенного исторического события; сохранить ID/историю, не назначать TBC Phase 4/5.	https://github.com/Questie/Questie/blob/94e2a1420ba989c344508f1b08e6767a8a3fa5a3/Database/TBC/tbcQuestDB.lua#L3661 ; https://github.com/Questie/Questie/blob/94e2a1420ba989c344508f1b08e6767a8a3fa5a3/Database/Corrections/QuestieQuestBlacklist.lua#L924 ; https://worldofwarcraft.blizzard.com/en-us/news/24213950	-
8500	The Alliance Needs More Thorium Bars!	Miscellaneous	-365		Завершившееся открытие AQ	high	Повторная сдача ресурсов для события открытия Ahn'Qiraj. Questie включает именно этот ID в AQWarEffortQuests и выключает с TBC. Это прошедший War Effort Vanilla, а не будущая фаза TBC и не переехавший ID.	8499	Кандидат на пометку завершенного исторического события; сохранить ID/историю, не назначать TBC Phase 4/5.	https://github.com/Questie/Questie/blob/94e2a1420ba989c344508f1b08e6767a8a3fa5a3/Database/TBC/tbcQuestDB.lua#L3666 ; https://github.com/Questie/Questie/blob/94e2a1420ba989c344508f1b08e6767a8a3fa5a3/Database/Corrections/QuestieQuestBlacklist.lua#L924 ; https://worldofwarcraft.blizzard.com/en-us/news/24213950	-
8504	The Alliance Needs More Stranglekelp!	Miscellaneous	-365		Завершившееся открытие AQ	high	Повторная сдача ресурсов для события открытия Ahn'Qiraj. Questie включает именно этот ID в AQWarEffortQuests и выключает с TBC. Это прошедший War Effort Vanilla, а не будущая фаза TBC и не переехавший ID.	8503	Кандидат на пометку завершенного исторического события; сохранить ID/историю, не назначать TBC Phase 4/5.	https://github.com/Questie/Questie/blob/94e2a1420ba989c344508f1b08e6767a8a3fa5a3/Database/TBC/tbcQuestDB.lua#L3670 ; https://github.com/Questie/Questie/blob/94e2a1420ba989c344508f1b08e6767a8a3fa5a3/Database/Corrections/QuestieQuestBlacklist.lua#L924 ; https://worldofwarcraft.blizzard.com/en-us/news/24213950	-
8506	The Alliance Needs More Purple Lotus!	Miscellaneous	-365		Завершившееся открытие AQ	high	Повторная сдача ресурсов для события открытия Ahn'Qiraj. Questie включает именно этот ID в AQWarEffortQuests и выключает с TBC. Это прошедший War Effort Vanilla, а не будущая фаза TBC и не переехавший ID.	8505	Кандидат на пометку завершенного исторического события; сохранить ID/историю, не назначать TBC Phase 4/5.	https://github.com/Questie/Questie/blob/94e2a1420ba989c344508f1b08e6767a8a3fa5a3/Database/TBC/tbcQuestDB.lua#L3672 ; https://github.com/Questie/Questie/blob/94e2a1420ba989c344508f1b08e6767a8a3fa5a3/Database/Corrections/QuestieQuestBlacklist.lua#L924 ; https://worldofwarcraft.blizzard.com/en-us/news/24213950	-
8510	The Alliance Needs More Arthas' Tears!	Miscellaneous	-365		Завершившееся открытие AQ	high	Повторная сдача ресурсов для события открытия Ahn'Qiraj. Questie включает именно этот ID в AQWarEffortQuests и выключает с TBC. Это прошедший War Effort Vanilla, а не будущая фаза TBC и не переехавший ID.	8509	Кандидат на пометку завершенного исторического события; сохранить ID/историю, не назначать TBC Phase 4/5.	https://github.com/Questie/Questie/blob/94e2a1420ba989c344508f1b08e6767a8a3fa5a3/Database/TBC/tbcQuestDB.lua#L3676 ; https://github.com/Questie/Questie/blob/94e2a1420ba989c344508f1b08e6767a8a3fa5a3/Database/Corrections/QuestieQuestBlacklist.lua#L924 ; https://worldofwarcraft.blizzard.com/en-us/news/24213950	-
8512	The Alliance Needs More Light Leather!	Miscellaneous	-365		Завершившееся открытие AQ	high	Повторная сдача ресурсов для события открытия Ahn'Qiraj. Questie включает именно этот ID в AQWarEffortQuests и выключает с TBC. Это прошедший War Effort Vanilla, а не будущая фаза TBC и не переехавший ID.	8511	Кандидат на пометку завершенного исторического события; сохранить ID/историю, не назначать TBC Phase 4/5.	https://github.com/Questie/Questie/blob/94e2a1420ba989c344508f1b08e6767a8a3fa5a3/Database/TBC/tbcQuestDB.lua#L3678 ; https://github.com/Questie/Questie/blob/94e2a1420ba989c344508f1b08e6767a8a3fa5a3/Database/Corrections/QuestieQuestBlacklist.lua#L924 ; https://worldofwarcraft.blizzard.com/en-us/news/24213950	-
8514	The Alliance Needs More Medium Leather!	Miscellaneous	-365		Завершившееся открытие AQ	high	Повторная сдача ресурсов для события открытия Ahn'Qiraj. Questie включает именно этот ID в AQWarEffortQuests и выключает с TBC. Это прошедший War Effort Vanilla, а не будущая фаза TBC и не переехавший ID.	8513	Кандидат на пометку завершенного исторического события; сохранить ID/историю, не назначать TBC Phase 4/5.	https://github.com/Questie/Questie/blob/94e2a1420ba989c344508f1b08e6767a8a3fa5a3/Database/TBC/tbcQuestDB.lua#L3680 ; https://github.com/Questie/Questie/blob/94e2a1420ba989c344508f1b08e6767a8a3fa5a3/Database/Corrections/QuestieQuestBlacklist.lua#L924 ; https://worldofwarcraft.blizzard.com/en-us/news/24213950	-
8516	The Alliance Needs More Thick Leather!	Miscellaneous	-365		Завершившееся открытие AQ	high	Повторная сдача ресурсов для события открытия Ahn'Qiraj. Questie включает именно этот ID в AQWarEffortQuests и выключает с TBC. Это прошедший War Effort Vanilla, а не будущая фаза TBC и не переехавший ID.	8515	Кандидат на пометку завершенного исторического события; сохранить ID/историю, не назначать TBC Phase 4/5.	https://github.com/Questie/Questie/blob/94e2a1420ba989c344508f1b08e6767a8a3fa5a3/Database/TBC/tbcQuestDB.lua#L3682 ; https://github.com/Questie/Questie/blob/94e2a1420ba989c344508f1b08e6767a8a3fa5a3/Database/Corrections/QuestieQuestBlacklist.lua#L924 ; https://worldofwarcraft.blizzard.com/en-us/news/24213950	-
8518	The Alliance Needs More Linen Bandages!	Miscellaneous	-365		Завершившееся открытие AQ	high	Повторная сдача ресурсов для события открытия Ahn'Qiraj. Questie включает именно этот ID в AQWarEffortQuests и выключает с TBC. Это прошедший War Effort Vanilla, а не будущая фаза TBC и не переехавший ID.	8517	Кандидат на пометку завершенного исторического события; сохранить ID/историю, не назначать TBC Phase 4/5.	https://github.com/Questie/Questie/blob/94e2a1420ba989c344508f1b08e6767a8a3fa5a3/Database/TBC/tbcQuestDB.lua#L3684 ; https://github.com/Questie/Questie/blob/94e2a1420ba989c344508f1b08e6767a8a3fa5a3/Database/Corrections/QuestieQuestBlacklist.lua#L924 ; https://worldofwarcraft.blizzard.com/en-us/news/24213950	-
8521	The Alliance Needs More Silk Bandages!	Miscellaneous	-365		Завершившееся открытие AQ	high	Повторная сдача ресурсов для события открытия Ahn'Qiraj. Questie включает именно этот ID в AQWarEffortQuests и выключает с TBC. Это прошедший War Effort Vanilla, а не будущая фаза TBC и не переехавший ID.	8520	Кандидат на пометку завершенного исторического события; сохранить ID/историю, не назначать TBC Phase 4/5.	https://github.com/Questie/Questie/blob/94e2a1420ba989c344508f1b08e6767a8a3fa5a3/Database/TBC/tbcQuestDB.lua#L3687 ; https://github.com/Questie/Questie/blob/94e2a1420ba989c344508f1b08e6767a8a3fa5a3/Database/Corrections/QuestieQuestBlacklist.lua#L924 ; https://worldofwarcraft.blizzard.com/en-us/news/24213950	-
8523	The Alliance Needs More Runecloth Bandages!	Miscellaneous	-365		Завершившееся открытие AQ	high	Повторная сдача ресурсов для события открытия Ahn'Qiraj. Questie включает именно этот ID в AQWarEffortQuests и выключает с TBC. Это прошедший War Effort Vanilla, а не будущая фаза TBC и не переехавший ID.	8522	Кандидат на пометку завершенного исторического события; сохранить ID/историю, не назначать TBC Phase 4/5.	https://github.com/Questie/Questie/blob/94e2a1420ba989c344508f1b08e6767a8a3fa5a3/Database/TBC/tbcQuestDB.lua#L3689 ; https://github.com/Questie/Questie/blob/94e2a1420ba989c344508f1b08e6767a8a3fa5a3/Database/Corrections/QuestieQuestBlacklist.lua#L924 ; https://worldofwarcraft.blizzard.com/en-us/news/24213950	-
8525	The Alliance Needs More Rainbow Fin Albacore!	Miscellaneous	-365		Завершившееся открытие AQ	high	Повторная сдача ресурсов для события открытия Ahn'Qiraj. Questie включает именно этот ID в AQWarEffortQuests и выключает с TBC. Это прошедший War Effort Vanilla, а не будущая фаза TBC и не переехавший ID.	8524	Кандидат на пометку завершенного исторического события; сохранить ID/историю, не назначать TBC Phase 4/5.	https://github.com/Questie/Questie/blob/94e2a1420ba989c344508f1b08e6767a8a3fa5a3/Database/TBC/tbcQuestDB.lua#L3691 ; https://github.com/Questie/Questie/blob/94e2a1420ba989c344508f1b08e6767a8a3fa5a3/Database/Corrections/QuestieQuestBlacklist.lua#L924 ; https://worldofwarcraft.blizzard.com/en-us/news/24213950	-
8527	The Alliance Needs More Roast Raptor!	Miscellaneous	-365		Завершившееся открытие AQ	high	Повторная сдача ресурсов для события открытия Ahn'Qiraj. Questie включает именно этот ID в AQWarEffortQuests и выключает с TBC. Это прошедший War Effort Vanilla, а не будущая фаза TBC и не переехавший ID.	8526	Кандидат на пометку завершенного исторического события; сохранить ID/историю, не назначать TBC Phase 4/5.	https://github.com/Questie/Questie/blob/94e2a1420ba989c344508f1b08e6767a8a3fa5a3/Database/TBC/tbcQuestDB.lua#L3693 ; https://github.com/Questie/Questie/blob/94e2a1420ba989c344508f1b08e6767a8a3fa5a3/Database/Corrections/QuestieQuestBlacklist.lua#L924 ; https://worldofwarcraft.blizzard.com/en-us/news/24213950	-
8529	The Alliance Needs More Spotted Yellowtail!	Miscellaneous	-365		Завершившееся открытие AQ	high	Повторная сдача ресурсов для события открытия Ahn'Qiraj. Questie включает именно этот ID в AQWarEffortQuests и выключает с TBC. Это прошедший War Effort Vanilla, а не будущая фаза TBC и не переехавший ID.	8528	Кандидат на пометку завершенного исторического события; сохранить ID/историю, не назначать TBC Phase 4/5.	https://github.com/Questie/Questie/blob/94e2a1420ba989c344508f1b08e6767a8a3fa5a3/Database/TBC/tbcQuestDB.lua#L3695 ; https://github.com/Questie/Questie/blob/94e2a1420ba989c344508f1b08e6767a8a3fa5a3/Database/Corrections/QuestieQuestBlacklist.lua#L924 ; https://worldofwarcraft.blizzard.com/en-us/news/24213950	-
8533	The Horde Needs More Copper Bars!	Miscellaneous	-365		Завершившееся открытие AQ	high	Повторная сдача ресурсов для события открытия Ahn'Qiraj. Questie включает именно этот ID в AQWarEffortQuests и выключает с TBC. Это прошедший War Effort Vanilla, а не будущая фаза TBC и не переехавший ID.	8532	Кандидат на пометку завершенного исторического события; сохранить ID/историю, не назначать TBC Phase 4/5.	https://github.com/Questie/Questie/blob/94e2a1420ba989c344508f1b08e6767a8a3fa5a3/Database/TBC/tbcQuestDB.lua#L3698 ; https://github.com/Questie/Questie/blob/94e2a1420ba989c344508f1b08e6767a8a3fa5a3/Database/Corrections/QuestieQuestBlacklist.lua#L924 ; https://worldofwarcraft.blizzard.com/en-us/news/24213950	-
8543	The Horde Needs More Tin Bars!	Miscellaneous	-365		Завершившееся открытие AQ	high	Повторная сдача ресурсов для события открытия Ahn'Qiraj. Questie включает именно этот ID в AQWarEffortQuests и выключает с TBC. Это прошедший War Effort Vanilla, а не будущая фаза TBC и не переехавший ID.	8542	Кандидат на пометку завершенного исторического события; сохранить ID/историю, не назначать TBC Phase 4/5.	https://github.com/Questie/Questie/blob/94e2a1420ba989c344508f1b08e6767a8a3fa5a3/Database/TBC/tbcQuestDB.lua#L3708 ; https://github.com/Questie/Questie/blob/94e2a1420ba989c344508f1b08e6767a8a3fa5a3/Database/Corrections/QuestieQuestBlacklist.lua#L924 ; https://worldofwarcraft.blizzard.com/en-us/news/24213950	-
8546	The Horde Needs More Mithril Bars!	Miscellaneous	-365		Завершившееся открытие AQ	high	Повторная сдача ресурсов для события открытия Ahn'Qiraj. Questie включает именно этот ID в AQWarEffortQuests и выключает с TBC. Это прошедший War Effort Vanilla, а не будущая фаза TBC и не переехавший ID.	8545	Кандидат на пометку завершенного исторического события; сохранить ID/историю, не назначать TBC Phase 4/5.	https://github.com/Questie/Questie/blob/94e2a1420ba989c344508f1b08e6767a8a3fa5a3/Database/TBC/tbcQuestDB.lua#L3711 ; https://github.com/Questie/Questie/blob/94e2a1420ba989c344508f1b08e6767a8a3fa5a3/Database/Corrections/QuestieQuestBlacklist.lua#L924 ; https://worldofwarcraft.blizzard.com/en-us/news/24213950	-
8550	The Horde Needs More Peacebloom!	Miscellaneous	-365		Завершившееся открытие AQ	high	Повторная сдача ресурсов для события открытия Ahn'Qiraj. Questie включает именно этот ID в AQWarEffortQuests и выключает с TBC. Это прошедший War Effort Vanilla, а не будущая фаза TBC и не переехавший ID.	8549	Кандидат на пометку завершенного исторического события; сохранить ID/историю, не назначать TBC Phase 4/5.	https://github.com/Questie/Questie/blob/94e2a1420ba989c344508f1b08e6767a8a3fa5a3/Database/TBC/tbcQuestDB.lua#L3715 ; https://github.com/Questie/Questie/blob/94e2a1420ba989c344508f1b08e6767a8a3fa5a3/Database/Corrections/QuestieQuestBlacklist.lua#L924 ; https://worldofwarcraft.blizzard.com/en-us/news/24213950	-
8581	The Horde Needs More Firebloom!	Miscellaneous	-365		Завершившееся открытие AQ	high	Повторная сдача ресурсов для события открытия Ahn'Qiraj. Questie включает именно этот ID в AQWarEffortQuests и выключает с TBC. Это прошедший War Effort Vanilla, а не будущая фаза TBC и не переехавший ID.	8580	Кандидат на пометку завершенного исторического события; сохранить ID/историю, не назначать TBC Phase 4/5.	https://github.com/Questie/Questie/blob/94e2a1420ba989c344508f1b08e6767a8a3fa5a3/Database/TBC/tbcQuestDB.lua#L3745 ; https://github.com/Questie/Questie/blob/94e2a1420ba989c344508f1b08e6767a8a3fa5a3/Database/Corrections/QuestieQuestBlacklist.lua#L924 ; https://worldofwarcraft.blizzard.com/en-us/news/24213950	-
8583	The Horde Needs More Purple Lotus!	Miscellaneous	-365		Завершившееся открытие AQ	high	Повторная сдача ресурсов для события открытия Ahn'Qiraj. Questie включает именно этот ID в AQWarEffortQuests и выключает с TBC. Это прошедший War Effort Vanilla, а не будущая фаза TBC и не переехавший ID.	8582	Кандидат на пометку завершенного исторического события; сохранить ID/историю, не назначать TBC Phase 4/5.	https://github.com/Questie/Questie/blob/94e2a1420ba989c344508f1b08e6767a8a3fa5a3/Database/TBC/tbcQuestDB.lua#L3747 ; https://github.com/Questie/Questie/blob/94e2a1420ba989c344508f1b08e6767a8a3fa5a3/Database/Corrections/QuestieQuestBlacklist.lua#L924 ; https://worldofwarcraft.blizzard.com/en-us/news/24213950	-
8589	The Horde Needs More Heavy Leather!	Miscellaneous	-365		Завершившееся открытие AQ	high	Повторная сдача ресурсов для события открытия Ahn'Qiraj. Questie включает именно этот ID в AQWarEffortQuests и выключает с TBC. Это прошедший War Effort Vanilla, а не будущая фаза TBC и не переехавший ID.	8588	Кандидат на пометку завершенного исторического события; сохранить ID/историю, не назначать TBC Phase 4/5.	https://github.com/Questie/Questie/blob/94e2a1420ba989c344508f1b08e6767a8a3fa5a3/Database/TBC/tbcQuestDB.lua#L3753 ; https://github.com/Questie/Questie/blob/94e2a1420ba989c344508f1b08e6767a8a3fa5a3/Database/Corrections/QuestieQuestBlacklist.lua#L924 ; https://worldofwarcraft.blizzard.com/en-us/news/24213950	-
8591	The Horde Needs More Thick Leather!	Miscellaneous	-365		Завершившееся открытие AQ	high	Повторная сдача ресурсов для события открытия Ahn'Qiraj. Questie включает именно этот ID в AQWarEffortQuests и выключает с TBC. Это прошедший War Effort Vanilla, а не будущая фаза TBC и не переехавший ID.	8590	Кандидат на пометку завершенного исторического события; сохранить ID/историю, не назначать TBC Phase 4/5.	https://github.com/Questie/Questie/blob/94e2a1420ba989c344508f1b08e6767a8a3fa5a3/Database/TBC/tbcQuestDB.lua#L3755 ; https://github.com/Questie/Questie/blob/94e2a1420ba989c344508f1b08e6767a8a3fa5a3/Database/Corrections/QuestieQuestBlacklist.lua#L924 ; https://worldofwarcraft.blizzard.com/en-us/news/24213950	-
8601	The Horde Needs More Rugged Leather!	Miscellaneous	-365		Завершившееся открытие AQ	high	Повторная сдача ресурсов для события открытия Ahn'Qiraj. Questie включает именно этот ID в AQWarEffortQuests и выключает с TBC. Это прошедший War Effort Vanilla, а не будущая фаза TBC и не переехавший ID.	8600	Кандидат на пометку завершенного исторического события; сохранить ID/историю, не назначать TBC Phase 4/5.	https://github.com/Questie/Questie/blob/94e2a1420ba989c344508f1b08e6767a8a3fa5a3/Database/TBC/tbcQuestDB.lua#L3765 ; https://github.com/Questie/Questie/blob/94e2a1420ba989c344508f1b08e6767a8a3fa5a3/Database/Corrections/QuestieQuestBlacklist.lua#L924 ; https://worldofwarcraft.blizzard.com/en-us/news/24213950	-
8605	The Horde Needs More Wool Bandages!	Miscellaneous	-365		Завершившееся открытие AQ	high	Повторная сдача ресурсов для события открытия Ahn'Qiraj. Questie включает именно этот ID в AQWarEffortQuests и выключает с TBC. Это прошедший War Effort Vanilla, а не будущая фаза TBC и не переехавший ID.	8604	Кандидат на пометку завершенного исторического события; сохранить ID/историю, не назначать TBC Phase 4/5.	https://github.com/Questie/Questie/blob/94e2a1420ba989c344508f1b08e6767a8a3fa5a3/Database/TBC/tbcQuestDB.lua#L3769 ; https://github.com/Questie/Questie/blob/94e2a1420ba989c344508f1b08e6767a8a3fa5a3/Database/Corrections/QuestieQuestBlacklist.lua#L924 ; https://worldofwarcraft.blizzard.com/en-us/news/24213950	-
8608	The Horde Needs More Mageweave Bandages!	Miscellaneous	-365		Завершившееся открытие AQ	high	Повторная сдача ресурсов для события открытия Ahn'Qiraj. Questie включает именно этот ID в AQWarEffortQuests и выключает с TBC. Это прошедший War Effort Vanilla, а не будущая фаза TBC и не переехавший ID.	8607	Кандидат на пометку завершенного исторического события; сохранить ID/историю, не назначать TBC Phase 4/5.	https://github.com/Questie/Questie/blob/94e2a1420ba989c344508f1b08e6767a8a3fa5a3/Database/TBC/tbcQuestDB.lua#L3772 ; https://github.com/Questie/Questie/blob/94e2a1420ba989c344508f1b08e6767a8a3fa5a3/Database/Corrections/QuestieQuestBlacklist.lua#L924 ; https://worldofwarcraft.blizzard.com/en-us/news/24213950	-
8610	The Horde Needs More Runecloth Bandages!	Miscellaneous	-365		Завершившееся открытие AQ	high	Повторная сдача ресурсов для события открытия Ahn'Qiraj. Questie включает именно этот ID в AQWarEffortQuests и выключает с TBC. Это прошедший War Effort Vanilla, а не будущая фаза TBC и не переехавший ID.	8609	Кандидат на пометку завершенного исторического события; сохранить ID/историю, не назначать TBC Phase 4/5.	https://github.com/Questie/Questie/blob/94e2a1420ba989c344508f1b08e6767a8a3fa5a3/Database/TBC/tbcQuestDB.lua#L3774 ; https://github.com/Questie/Questie/blob/94e2a1420ba989c344508f1b08e6767a8a3fa5a3/Database/Corrections/QuestieQuestBlacklist.lua#L924 ; https://worldofwarcraft.blizzard.com/en-us/news/24213950	-
8612	The Horde Needs More Lean Wolf Steaks!	Miscellaneous	-365		Завершившееся открытие AQ	high	Повторная сдача ресурсов для события открытия Ahn'Qiraj. Questie включает именно этот ID в AQWarEffortQuests и выключает с TBC. Это прошедший War Effort Vanilla, а не будущая фаза TBC и не переехавший ID.	8611	Кандидат на пометку завершенного исторического события; сохранить ID/историю, не назначать TBC Phase 4/5.	https://github.com/Questie/Questie/blob/94e2a1420ba989c344508f1b08e6767a8a3fa5a3/Database/TBC/tbcQuestDB.lua#L3776 ; https://github.com/Questie/Questie/blob/94e2a1420ba989c344508f1b08e6767a8a3fa5a3/Database/Corrections/QuestieQuestBlacklist.lua#L924 ; https://worldofwarcraft.blizzard.com/en-us/news/24213950	-
8614	The Horde Needs More Spotted Yellowtail!	Miscellaneous	-365		Завершившееся открытие AQ	high	Повторная сдача ресурсов для события открытия Ahn'Qiraj. Questie включает именно этот ID в AQWarEffortQuests и выключает с TBC. Это прошедший War Effort Vanilla, а не будущая фаза TBC и не переехавший ID.	8613	Кандидат на пометку завершенного исторического события; сохранить ID/историю, не назначать TBC Phase 4/5.	https://github.com/Questie/Questie/blob/94e2a1420ba989c344508f1b08e6767a8a3fa5a3/Database/TBC/tbcQuestDB.lua#L3778 ; https://github.com/Questie/Questie/blob/94e2a1420ba989c344508f1b08e6767a8a3fa5a3/Database/Corrections/QuestieQuestBlacklist.lua#L924 ; https://worldofwarcraft.blizzard.com/en-us/news/24213950	-
8616	The Horde Needs More Baked Salmon!	Miscellaneous	-365		Завершившееся открытие AQ	high	Повторная сдача ресурсов для события открытия Ahn'Qiraj. Questie включает именно этот ID в AQWarEffortQuests и выключает с TBC. Это прошедший War Effort Vanilla, а не будущая фаза TBC и не переехавший ID.		Кандидат на пометку завершенного исторического события; сохранить ID/историю, не назначать TBC Phase 4/5.	https://github.com/Questie/Questie/blob/94e2a1420ba989c344508f1b08e6767a8a3fa5a3/Database/TBC/tbcQuestDB.lua#L3780 ; https://github.com/Questie/Questie/blob/94e2a1420ba989c344508f1b08e6767a8a3fa5a3/Database/Corrections/QuestieQuestBlacklist.lua#L924 ; https://worldofwarcraft.blizzard.com/en-us/news/24213950	-
8736	The Nightmare Manifests	Kalimdor	493		Остальные: причина API неизвестна	medium	Событие с Эраникусом и Keeper Remulos в зеленой ветви скипетра AQ; после 8735 открывает 8741. Это не одноразовая сдача ресурсов War Effort. Доказательств удаления в TBC не найдено; Questie помечает удаление только с Cataclysm.	8735,8741	Проверить выдачу у Keeper Remulos после 8735 и возможность запустить событие; не скрывать автоматически.	https://github.com/Questie/Questie/blob/94e2a1420ba989c344508f1b08e6767a8a3fa5a3/Database/TBC/tbcQuestDB.lua#L3899 ; https://worldofwarcraft.blizzard.com/en-us/news/24213950 ; https://github.com/Questie/Questie/blob/94e2a1420ba989c344508f1b08e6767a8a3fa5a3/Database/Corrections/QuestieQuestBlacklist.lua#L4741	-
8741	The Champion Returns	Kalimdor	493		Остальные: причина API неизвестна	medium	Возврат Green Scepter Shard к Anachronos после 8736; одна из трех ветвей перед 8742. Не равнозначен закрывшемуся Bang a Gong. Почему текущий API не дал название, не установлено.	8736,8729,8730,8742	Проверить у Keeper Remulos после Эраникуса; сохранить ID и цепь.	https://github.com/Questie/Questie/blob/94e2a1420ba989c344508f1b08e6767a8a3fa5a3/Database/TBC/tbcQuestDB.lua#L3904 ; https://worldofwarcraft.blizzard.com/en-us/news/24213950 ; https://github.com/Questie/Questie/blob/94e2a1420ba989c344508f1b08e6767a8a3fa5a3/Database/Corrections/QuestieQuestBlacklist.lua#L4741	-
8742	The Might of Kalimdor	Kalimdor	440		Остальные: причина API неизвестна	medium	Сбор трех осколков у Anachronos после 8729, 8730 и 8741. По Blizzard Anniversary этот шаг нужен для поздней награды 8745 независимо от успевания к гонгу. Нет основания объявлять удаленным вместе с War Effort.	8729,8730,8741,8743,8745	Проверить у Anachronos с тремя завершенными ветвями; оставить как неподтвержденный API-пробел.	https://github.com/Questie/Questie/blob/94e2a1420ba989c344508f1b08e6767a8a3fa5a3/Database/TBC/tbcQuestDB.lua#L3905 ; https://worldofwarcraft.blizzard.com/en-us/news/24213950 ; https://github.com/Questie/Questie/blob/94e2a1420ba989c344508f1b08e6767a8a3fa5a3/Database/Corrections/QuestieQuestBlacklist.lua#L4741	-
8743	Bang a Gong!	Kalimdor	1377		Завершившееся открытие AQ	high	Bang a Gong — ограниченное окно открытия AQ. Blizzard для Anniversary прямо указывает: через 10 часов после первого гонга квест больше нельзя сдать. На уже прошедшем этот этап TBC-реалме недоступность ожидаема. Это не TBC Phase 5.	8742,8745	Пометка завершенного события допустима; не переносить этот статус на 8742/8745 и всю цепь скипетра.	https://github.com/Questie/Questie/blob/94e2a1420ba989c344508f1b08e6767a8a3fa5a3/Database/TBC/tbcQuestDB.lua#L3906 ; https://worldofwarcraft.blizzard.com/en-us/news/24213950 ; https://github.com/Questie/Questie/blob/94e2a1420ba989c344508f1b08e6767a8a3fa5a3/Database/Corrections/QuestieQuestBlacklist.lua#L985	-
8745	Treasure of the Timeless One	Kalimdor	1377		Остальные: причина API неизвестна	medium	Награда у Jonathan the Revelator после 8742. Blizzard прямо говорит, что она становится доступна ПОСЛЕ закрытия 10-часового окна и не требует успеть Bang a Gong. Следовательно, закрытие AQ не объясняет исчезновение этого ID из API.	8742	Приоритетная проверка у Jonathan the Revelator после 8742; не помечать истекшим событием.	https://github.com/Questie/Questie/blob/94e2a1420ba989c344508f1b08e6767a8a3fa5a3/Database/TBC/tbcQuestDB.lua#L3908 ; https://worldofwarcraft.blizzard.com/en-us/news/24213950 ; https://github.com/Questie/Questie/blob/94e2a1420ba989c344508f1b08e6767a8a3fa5a3/Database/Corrections/QuestieQuestBlacklist.lua#L4741	-
8763	The Hero of the Day	Seasonal	-1001		Ежегодный праздник	high	Winter Veil: альянсовый обмен Deeprock Salt и 5 gold на Preserved Holly через Holly Preserver 180715, после 8762, требует Cooking 300. Это отдельный вариант от Horde 8799. Принадлежность празднику подтверждена; причина пустого ответа API вне события не доказана, доступность на Anniversary требует проверки в период праздника.	8762,8799	Сохранить ID. Возможна отдельная метка Season; повторно запросить API и проверить выдачу на соответствующем празднике, не удалять по одному скану.	https://github.com/Questie/Questie/blob/94e2a1420ba989c344508f1b08e6767a8a3fa5a3/Database/TBC/tbcQuestDB.lua#L3926 ; https://github.com/Questie/Questie/blob/94e2a1420ba989c344508f1b08e6767a8a3fa5a3/Database/Corrections/Holidays/quests/WinterVeil.lua#L25	-
8799	The Hero of the Day	Seasonal	-1001		Ежегодный праздник	high	Winter Veil: ордынский обмен Deeprock Salt и 5 gold на Preserved Holly через Holly Preserver 180715, после 8746, требует Cooking 300; не дубль Alliance 8763. Принадлежность празднику подтверждена; причина пустого ответа API вне события не доказана, доступность на Anniversary требует проверки в период праздника.	8746,8763	Сохранить ID. Возможна отдельная метка Season; повторно запросить API и проверить выдачу на соответствующем празднике, не удалять по одному скану.	https://github.com/Questie/Questie/blob/94e2a1420ba989c344508f1b08e6767a8a3fa5a3/Database/TBC/tbcQuestDB.lua#L3962 ; https://github.com/Questie/Questie/blob/94e2a1420ba989c344508f1b08e6767a8a3fa5a3/Database/Corrections/Holidays/quests/WinterVeil.lua#L26	-
8849	Twenty Signets for War Supplies	Miscellaneous	-365		Завершившееся открытие AQ	high	Сдача 20 Commendation Signets за снабжение в событии открытия Ahn'Qiraj (уровневый вариант). Questie включает ID в AQWarEffortQuests и выключает с TBC. Это прошедшее событие Vanilla, а не будущая фаза TBC.		Кандидат на пометку завершенного исторического события; сохранить ID/историю, не назначать TBC Phase 4/5.	https://github.com/Questie/Questie/blob/94e2a1420ba989c344508f1b08e6767a8a3fa5a3/Database/TBC/tbcQuestDB.lua#L4012 ; https://github.com/Questie/Questie/blob/94e2a1420ba989c344508f1b08e6767a8a3fa5a3/Database/Corrections/QuestieQuestBlacklist.lua#L879 ; https://worldofwarcraft.blizzard.com/en-us/news/24213950	-
8854	Twenty Signets for War Supplies	Miscellaneous	-365		Завершившееся открытие AQ	high	Сдача 20 Commendation Signets за снабжение в событии открытия Ahn'Qiraj (уровневый вариант). Questie включает ID в AQWarEffortQuests и выключает с TBC. Это прошедшее событие Vanilla, а не будущая фаза TBC.		Кандидат на пометку завершенного исторического события; сохранить ID/историю, не назначать TBC Phase 4/5.	https://github.com/Questie/Questie/blob/94e2a1420ba989c344508f1b08e6767a8a3fa5a3/Database/TBC/tbcQuestDB.lua#L4017 ; https://github.com/Questie/Questie/blob/94e2a1420ba989c344508f1b08e6767a8a3fa5a3/Database/Corrections/QuestieQuestBlacklist.lua#L879 ; https://worldofwarcraft.blizzard.com/en-us/news/24213950	-
8926	Just Compensation	Eastern Kingdoms	1537		Dungeon Set 2: причина API неизвестна	high_identity_unknown_api_cause	Друид, Альянс: обмен пояса и перчаток Wildheart. Это самостоятельный вариант цепочки Dungeon Set 2, а не подтверждённый неверный ID. Причина отсутствия названия в текущем скане неизвестна.	8929,8977	Сохранить ID и историю. Не склеивать по названию. Проверить адресно у NPC/на нужном этапе цепочки; повторить запрос этого ID в спокойной сессии.	https://github.com/Questie/Questie/blob/94e2a1420ba989c344508f1b08e6767a8a3fa5a3/Database/TBC/tbcQuestDB.lua#L4089 ; https://github.com/Questie/Questie/blob/94e2a1420ba989c344508f1b08e6767a8a3fa5a3/Database/Corrections/QuestieQuestBlacklist.lua#L4799	8932;8933;8935;8936;8937;8938;8939;8941;8942;8944;10495
8927	Just Compensation	Kalimdor	1637		Dungeon Set 2: причина API неизвестна	high_identity_unknown_api_cause	Друид, Орда: обмен пояса и перчаток Wildheart. Это самостоятельный вариант цепочки Dungeon Set 2, а не подтверждённый неверный ID. Причина отсутствия названия в текущем скане неизвестна.	8930,8978	Сохранить ID и историю. Не склеивать по названию. Проверить адресно у NPC/на нужном этапе цепочки; повторить запрос этого ID в спокойной сессии.	https://github.com/Questie/Questie/blob/94e2a1420ba989c344508f1b08e6767a8a3fa5a3/Database/TBC/tbcQuestDB.lua#L4090 ; https://github.com/Questie/Questie/blob/94e2a1420ba989c344508f1b08e6767a8a3fa5a3/Database/Corrections/QuestieQuestBlacklist.lua#L4799	8932;8933;8935;8936;8937;8938;8939;8941;8942;8944;10495
8931	Just Compensation	Eastern Kingdoms	1537		Dungeon Set 2: причина API неизвестна	high_identity_unknown_api_cause	Охотник, Альянс: обмен пояса и перчаток Beaststalker. Это самостоятельный вариант цепочки Dungeon Set 2, а не подтверждённый неверный ID. Причина отсутствия названия в текущем скане неизвестна.	8929,8977	Сохранить ID и историю. Не склеивать по названию. Проверить адресно у NPC/на нужном этапе цепочки; повторить запрос этого ID в спокойной сессии.	https://github.com/Questie/Questie/blob/94e2a1420ba989c344508f1b08e6767a8a3fa5a3/Database/TBC/tbcQuestDB.lua#L4094 ; https://github.com/Questie/Questie/blob/94e2a1420ba989c344508f1b08e6767a8a3fa5a3/Database/Corrections/QuestieQuestBlacklist.lua#L4799	8932;8933;8935;8936;8937;8938;8939;8941;8942;8944;10495
8934	Just Compensation	Eastern Kingdoms	1537		Dungeon Set 2: причина API неизвестна	high_identity_unknown_api_cause	Жрец, Альянс: обмен пояса и перчаток Devout. Это самостоятельный вариант цепочки Dungeon Set 2, а не подтверждённый неверный ID. Причина отсутствия названия в текущем скане неизвестна.	8929,8977	Сохранить ID и историю. Не склеивать по названию. Проверить адресно у NPC/на нужном этапе цепочки; повторить запрос этого ID в спокойной сессии.	https://github.com/Questie/Questie/blob/94e2a1420ba989c344508f1b08e6767a8a3fa5a3/Database/TBC/tbcQuestDB.lua#L4097 ; https://github.com/Questie/Questie/blob/94e2a1420ba989c344508f1b08e6767a8a3fa5a3/Database/Corrections/QuestieQuestBlacklist.lua#L4799	8932;8933;8935;8936;8937;8938;8939;8941;8942;8944;10495
8940	Just Compensation	Kalimdor	1637		Dungeon Set 2: причина API неизвестна	high_identity_unknown_api_cause	Жрец, Орда: обмен пояса и перчаток Devout. Это самостоятельный вариант цепочки Dungeon Set 2, а не подтверждённый неверный ID. Причина отсутствия названия в текущем скане неизвестна.	8930,8978	Сохранить ID и историю. Не склеивать по названию. Проверить адресно у NPC/на нужном этапе цепочки; повторить запрос этого ID в спокойной сессии.	https://github.com/Questie/Questie/blob/94e2a1420ba989c344508f1b08e6767a8a3fa5a3/Database/TBC/tbcQuestDB.lua#L4103 ; https://github.com/Questie/Questie/blob/94e2a1420ba989c344508f1b08e6767a8a3fa5a3/Database/Corrections/QuestieQuestBlacklist.lua#L4799	8932;8933;8935;8936;8937;8938;8939;8941;8942;8944;10495
8943	Just Compensation	Kalimdor	1637		Dungeon Set 2: причина API неизвестна	high_identity_unknown_api_cause	Чернокнижник, Орда: обмен пояса и перчаток Dreadmist. Это самостоятельный вариант цепочки Dungeon Set 2, а не подтверждённый неверный ID. Причина отсутствия названия в текущем скане неизвестна.	8930,8978	Сохранить ID и историю. Не склеивать по названию. Проверить адресно у NPC/на нужном этапе цепочки; повторить запрос этого ID в спокойной сессии.	https://github.com/Questie/Questie/blob/94e2a1420ba989c344508f1b08e6767a8a3fa5a3/Database/TBC/tbcQuestDB.lua#L4106 ; https://github.com/Questie/Questie/blob/94e2a1420ba989c344508f1b08e6767a8a3fa5a3/Database/Corrections/QuestieQuestBlacklist.lua#L4799	8932;8933;8935;8936;8937;8938;8939;8941;8942;8944;10495
8958	Anthion's Parting Words	Eastern Kingdoms	1537		Dungeon Set 2: причина API неизвестна	high_identity_unknown_api_cause	Чернокнижник, Альянс: отдельный этап обмена обуви, поножей и наплечников Dreadmist. Это самостоятельный вариант цепочки Dungeon Set 2, а не подтверждённый неверный ID. Причина отсутствия названия в текущем скане неизвестна.	8960,9015	Сохранить ID и историю. Не склеивать по названию. Проверить адресно у NPC/на нужном этапе цепочки; повторить запрос этого ID в спокойной сессии.	https://github.com/Questie/Questie/blob/94e2a1420ba989c344508f1b08e6767a8a3fa5a3/Database/TBC/tbcQuestDB.lua#L4121 ; https://github.com/Questie/Questie/blob/94e2a1420ba989c344508f1b08e6767a8a3fa5a3/Database/Corrections/QuestieQuestBlacklist.lua#L4799	8951;8952;8953;8954;8955;8956;8957;8959;9016;9017;9018;9019;9020;9021;9022;10496;10497
8963	Components of Importance	Eastern Kingdoms	25		Dungeon Set 2: причина API неизвестна	high_identity_unknown_api_cause	Вариант компонента Starbreeze Village Relic; следующая ветка — 8967 (Isalien). Это самостоятельный вариант цепочки Dungeon Set 2, а не подтверждённый неверный ID. Причина отсутствия названия в текущем скане неизвестна. В TBC-коррекциях классовое ограничение этих вариантов снято; нельзя интерпретировать сырую базу без поправок.	8967,8961	Сохранить ID и историю. Не склеивать по названию. Проверить адресно у NPC/на нужном этапе цепочки; повторить запрос этого ID в спокойной сессии.	https://github.com/Questie/Questie/blob/94e2a1420ba989c344508f1b08e6767a8a3fa5a3/Database/TBC/tbcQuestDB.lua#L4126 ; https://github.com/Questie/Questie/blob/94e2a1420ba989c344508f1b08e6767a8a3fa5a3/Database/Corrections/QuestieQuestBlacklist.lua#L4799 ; https://github.com/Questie/Questie/blob/94e2a1420ba989c344508f1b08e6767a8a3fa5a3/Database/Corrections/tbcQuestFixes.lua#L2017	8962;8964
8965	Components of Importance	Eastern Kingdoms	25		Dungeon Set 2: причина API неизвестна	high_identity_unknown_api_cause	Вариант компонента Soul Ashes of the Banished; следующая ветка — 8969. Это самостоятельный вариант цепочки Dungeon Set 2, а не подтверждённый неверный ID. Причина отсутствия названия в текущем скане неизвестна. В TBC-коррекциях классовое ограничение этих вариантов снято; нельзя интерпретировать сырую базу без поправок.	8969,8961	Сохранить ID и историю. Не склеивать по названию. Проверить адресно у NPC/на нужном этапе цепочки; повторить запрос этого ID в спокойной сессии.	https://github.com/Questie/Questie/blob/94e2a1420ba989c344508f1b08e6767a8a3fa5a3/Database/TBC/tbcQuestDB.lua#L4128 ; https://github.com/Questie/Questie/blob/94e2a1420ba989c344508f1b08e6767a8a3fa5a3/Database/Corrections/QuestieQuestBlacklist.lua#L4799 ; https://github.com/Questie/Questie/blob/94e2a1420ba989c344508f1b08e6767a8a3fa5a3/Database/Corrections/tbcQuestFixes.lua#L2017	8962;8964
8967	The Left Piece of Lord Valthalak's Amulet	Dungeons	2557		Dungeon Set 2: причина API неизвестна	high_identity_unknown_api_cause	Левая часть амулета: Isalien в Dire Maul, продолжение 8963. Другие одноимённые ID ведут к другим боссам. Это самостоятельный вариант цепочки Dungeon Set 2, а не подтверждённый неверный ID. Причина отсутствия названия в текущем скане неизвестна. В TBC-коррекциях классовое ограничение этих вариантов снято; нельзя интерпретировать сырую базу без поправок.	8970,8963	Сохранить ID и историю. Не склеивать по названию. Проверить адресно у NPC/на нужном этапе цепочки; повторить запрос этого ID в спокойной сессии.	https://github.com/Questie/Questie/blob/94e2a1420ba989c344508f1b08e6767a8a3fa5a3/Database/TBC/tbcQuestDB.lua#L4130 ; https://github.com/Questie/Questie/blob/94e2a1420ba989c344508f1b08e6767a8a3fa5a3/Database/Corrections/QuestieQuestBlacklist.lua#L4799 ; https://github.com/Questie/Questie/blob/94e2a1420ba989c344508f1b08e6767a8a3fa5a3/Database/Corrections/tbcQuestFixes.lua#L2017	8966;8968;8969
8982	Tracing the Source	Seasonal	-1004		Ежегодный праздник	high	Love is in the Air: старый TBC-этап Horde 8980→8982→8983 (Fenstad Argyle 16108→Innkeeper Norman 6741). Одноимённый 8983 — следующий этап,9026/9027 — другая ветка; не замены. Questie скрывает 8982 только начиная с WotLK. Принадлежность празднику подтверждена; причина пустого ответа API вне события не доказана, доступность на Anniversary требует проверки в период праздника.	8980,8983,9026,9027	Сохранить ID. Возможна отдельная метка Season; повторно запросить API и проверить выдачу на соответствующем празднике, не удалять по одному скану.	https://github.com/Questie/Questie/blob/94e2a1420ba989c344508f1b08e6767a8a3fa5a3/Database/TBC/tbcQuestDB.lua#L4139 ; https://github.com/Questie/Questie/blob/94e2a1420ba989c344508f1b08e6767a8a3fa5a3/Database/Corrections/Holidays/quests/LoveIsInTheAir.lua#L20	8983;9026;9027
8986	More Components of Importance	Eastern Kingdoms	25		Dungeon Set 2: причина API неизвестна	high_identity_unknown_api_cause	Вторая часть сбора компонентов: Druidical Remains; продолжение — 8989. Это самостоятельный вариант цепочки Dungeon Set 2, а не подтверждённый неверный ID. Причина отсутствия названия в текущем скане неизвестна. В TBC-коррекциях классовое ограничение этих вариантов снято; нельзя интерпретировать сырую базу без поправок.	8989,8965,8970	Сохранить ID и историю. Не склеивать по названию. Проверить адресно у NPC/на нужном этапе цепочки; повторить запрос этого ID в спокойной сессии.	https://github.com/Questie/Questie/blob/94e2a1420ba989c344508f1b08e6767a8a3fa5a3/Database/TBC/tbcQuestDB.lua#L4143 ; https://github.com/Questie/Questie/blob/94e2a1420ba989c344508f1b08e6767a8a3fa5a3/Database/Corrections/QuestieQuestBlacklist.lua#L4799 ; https://github.com/Questie/Questie/blob/94e2a1420ba989c344508f1b08e6767a8a3fa5a3/Database/Corrections/tbcQuestFixes.lua#L2064	8985
8987	More Components of Importance	Eastern Kingdoms	25		Dungeon Set 2: причина API неизвестна	high_identity_unknown_api_cause	Вторая часть сбора компонентов: Brilliant Sword of Zealotry; продолжение — 8991. Это самостоятельный вариант цепочки Dungeon Set 2, а не подтверждённый неверный ID. Причина отсутствия названия в текущем скане неизвестна. В TBC-коррекциях классовое ограничение этих вариантов снято; нельзя интерпретировать сырую базу без поправок.	8991,8962,8970	Сохранить ID и историю. Не склеивать по названию. Проверить адресно у NPC/на нужном этапе цепочки; повторить запрос этого ID в спокойной сессии.	https://github.com/Questie/Questie/blob/94e2a1420ba989c344508f1b08e6767a8a3fa5a3/Database/TBC/tbcQuestDB.lua#L4144 ; https://github.com/Questie/Questie/blob/94e2a1420ba989c344508f1b08e6767a8a3fa5a3/Database/Corrections/QuestieQuestBlacklist.lua#L4799 ; https://github.com/Questie/Questie/blob/94e2a1420ba989c344508f1b08e6767a8a3fa5a3/Database/Corrections/tbcQuestFixes.lua#L2064	8985
8988	More Components of Importance	Eastern Kingdoms	25		Dungeon Set 2: причина API неизвестна	high_identity_unknown_api_cause	Вторая часть сбора компонентов: Soul Ashes of the Banished; продолжение — 8992. Это самостоятельный вариант цепочки Dungeon Set 2, а не подтверждённый неверный ID. Причина отсутствия названия в текущем скане неизвестна. В TBC-коррекциях классовое ограничение этих вариантов снято; нельзя интерпретировать сырую базу без поправок.	8992,8963,8970	Сохранить ID и историю. Не склеивать по названию. Проверить адресно у NPC/на нужном этапе цепочки; повторить запрос этого ID в спокойной сессии.	https://github.com/Questie/Questie/blob/94e2a1420ba989c344508f1b08e6767a8a3fa5a3/Database/TBC/tbcQuestDB.lua#L4145 ; https://github.com/Questie/Questie/blob/94e2a1420ba989c344508f1b08e6767a8a3fa5a3/Database/Corrections/QuestieQuestBlacklist.lua#L4799 ; https://github.com/Questie/Questie/blob/94e2a1420ba989c344508f1b08e6767a8a3fa5a3/Database/Corrections/tbcQuestFixes.lua#L2064	8985
8991	The Right Piece of Lord Valthalak's Amulet	Dungeons	2017		Dungeon Set 2: причина API неизвестна	high_identity_unknown_api_cause	Правая часть амулета: Jarien и Sothos в Stratholme; продолжение 8987. Это самостоятельный вариант цепочки Dungeon Set 2, а не подтверждённый неверный ID. Причина отсутствия названия в текущем скане неизвестна. В TBC-коррекциях классовое ограничение этих вариантов снято; нельзя интерпретировать сырую базу без поправок.	8994,8987	Сохранить ID и историю. Не склеивать по названию. Проверить адресно у NPC/на нужном этапе цепочки; повторить запрос этого ID в спокойной сессии.	https://github.com/Questie/Questie/blob/94e2a1420ba989c344508f1b08e6767a8a3fa5a3/Database/TBC/tbcQuestDB.lua#L4148 ; https://github.com/Questie/Questie/blob/94e2a1420ba989c344508f1b08e6767a8a3fa5a3/Database/Corrections/QuestieQuestBlacklist.lua#L4799 ; https://github.com/Questie/Questie/blob/94e2a1420ba989c344508f1b08e6767a8a3fa5a3/Database/Corrections/tbcQuestFixes.lua#L2064	8989;8990
8992	The Right Piece of Lord Valthalak's Amulet	Dungeons	2057		Dungeon Set 2: причина API неизвестна	high_identity_unknown_api_cause	Правая часть амулета: Kormok в Scholomance; продолжение 8988. Это самостоятельный вариант цепочки Dungeon Set 2, а не подтверждённый неверный ID. Причина отсутствия названия в текущем скане неизвестна. В TBC-коррекциях классовое ограничение этих вариантов снято; нельзя интерпретировать сырую базу без поправок.	8994,8988	Сохранить ID и историю. Не склеивать по названию. Проверить адресно у NPC/на нужном этапе цепочки; повторить запрос этого ID в спокойной сессии.	https://github.com/Questie/Questie/blob/94e2a1420ba989c344508f1b08e6767a8a3fa5a3/Database/TBC/tbcQuestDB.lua#L4149 ; https://github.com/Questie/Questie/blob/94e2a1420ba989c344508f1b08e6767a8a3fa5a3/Database/Corrections/QuestieQuestBlacklist.lua#L4799 ; https://github.com/Questie/Questie/blob/94e2a1420ba989c344508f1b08e6767a8a3fa5a3/Database/Corrections/tbcQuestFixes.lua#L2064	8989;8990
8998	Back to the Beginning	Kalimdor	1637		Dungeon Set 2: причина API неизвестна	high_identity_unknown_api_cause	Возвращение к Mokvar в Оргриммаре. Найденный 8997 — версия Альянса, не новый ID этого квеста. Это самостоятельный вариант цепочки Dungeon Set 2, а не подтверждённый неверный ID. Причина отсутствия названия в текущем скане неизвестна.	8996	Сохранить ID и историю. Не склеивать по названию. Проверить адресно у NPC/на нужном этапе цепочки; повторить запрос этого ID в спокойной сессии.	https://github.com/Questie/Questie/blob/94e2a1420ba989c344508f1b08e6767a8a3fa5a3/Database/TBC/tbcQuestDB.lua#L4155 ; https://github.com/Questie/Questie/blob/94e2a1420ba989c344508f1b08e6767a8a3fa5a3/Database/Corrections/QuestieQuestBlacklist.lua#L4799	8997
9005	Saving the Best for Last	Eastern Kingdoms	1537		Dungeon Set 2: причина API неизвестна	high_identity_unknown_api_cause	Чернокнижник, Альянс: финальный обмен головы и нагрудника Dreadmist. Это самостоятельный вариант цепочки Dungeon Set 2, а не подтверждённый неверный ID. Причина отсутствия названия в текущем скане неизвестна.	8997	Сохранить ID и историю. Не склеивать по названию. Проверить адресно у NPC/на нужном этапе цепочки; повторить запрос этого ID в спокойной сессии.	https://github.com/Questie/Questie/blob/94e2a1420ba989c344508f1b08e6767a8a3fa5a3/Database/TBC/tbcQuestDB.lua#L4162 ; https://github.com/Questie/Questie/blob/94e2a1420ba989c344508f1b08e6767a8a3fa5a3/Database/Corrections/QuestieQuestBlacklist.lua#L4799	8999;9000;9001;9002;9003;9004;9006;9012;9013;9014;10499
9007	Saving the Best for Last	Kalimdor	1637		Dungeon Set 2: причина API неизвестна	high_identity_unknown_api_cause	Друид, Орда: финальный обмен головы и нагрудника Wildheart. Это самостоятельный вариант цепочки Dungeon Set 2, а не подтверждённый неверный ID. Причина отсутствия названия в текущем скане неизвестна.	8998	Сохранить ID и историю. Не склеивать по названию. Проверить адресно у NPC/на нужном этапе цепочки; повторить запрос этого ID в спокойной сессии.	https://github.com/Questie/Questie/blob/94e2a1420ba989c344508f1b08e6767a8a3fa5a3/Database/TBC/tbcQuestDB.lua#L4164 ; https://github.com/Questie/Questie/blob/94e2a1420ba989c344508f1b08e6767a8a3fa5a3/Database/Corrections/QuestieQuestBlacklist.lua#L4799	8999;9000;9001;9002;9003;9004;9006;9012;9013;9014;10499
9008	Saving the Best for Last	Kalimdor	1637		Dungeon Set 2: причина API неизвестна	high_identity_unknown_api_cause	Охотник, Орда: финальный обмен головы и нагрудника Beaststalker. Это самостоятельный вариант цепочки Dungeon Set 2, а не подтверждённый неверный ID. Причина отсутствия названия в текущем скане неизвестна.	8998	Сохранить ID и историю. Не склеивать по названию. Проверить адресно у NPC/на нужном этапе цепочки; повторить запрос этого ID в спокойной сессии.	https://github.com/Questie/Questie/blob/94e2a1420ba989c344508f1b08e6767a8a3fa5a3/Database/TBC/tbcQuestDB.lua#L4165 ; https://github.com/Questie/Questie/blob/94e2a1420ba989c344508f1b08e6767a8a3fa5a3/Database/Corrections/QuestieQuestBlacklist.lua#L4799	8999;9000;9001;9002;9003;9004;9006;9012;9013;9014;10499
9009	Saving the Best for Last	Kalimdor	1637		Dungeon Set 2: причина API неизвестна	high_identity_unknown_api_cause	Жрец, Орда: финальный обмен головы и нагрудника Devout. Это самостоятельный вариант цепочки Dungeon Set 2, а не подтверждённый неверный ID. Причина отсутствия названия в текущем скане неизвестна.	8998	Сохранить ID и историю. Не склеивать по названию. Проверить адресно у NPC/на нужном этапе цепочки; повторить запрос этого ID в спокойной сессии.	https://github.com/Questie/Questie/blob/94e2a1420ba989c344508f1b08e6767a8a3fa5a3/Database/TBC/tbcQuestDB.lua#L4166 ; https://github.com/Questie/Questie/blob/94e2a1420ba989c344508f1b08e6767a8a3fa5a3/Database/Corrections/QuestieQuestBlacklist.lua#L4799	8999;9000;9001;9002;9003;9004;9006;9012;9013;9014;10499
9010	Saving the Best for Last	Kalimdor	1637		Dungeon Set 2: причина API неизвестна	high_identity_unknown_api_cause	Разбойник, Орда: финальный обмен головы и нагрудника Shadowcraft. Это самостоятельный вариант цепочки Dungeon Set 2, а не подтверждённый неверный ID. Причина отсутствия названия в текущем скане неизвестна.	8998	Сохранить ID и историю. Не склеивать по названию. Проверить адресно у NPC/на нужном этапе цепочки; повторить запрос этого ID в спокойной сессии.	https://github.com/Questie/Questie/blob/94e2a1420ba989c344508f1b08e6767a8a3fa5a3/Database/TBC/tbcQuestDB.lua#L4167 ; https://github.com/Questie/Questie/blob/94e2a1420ba989c344508f1b08e6767a8a3fa5a3/Database/Corrections/QuestieQuestBlacklist.lua#L4799	8999;9000;9001;9002;9003;9004;9006;9012;9013;9014;10499
9011	Saving the Best for Last	Kalimdor	1637		Dungeon Set 2: причина API неизвестна	high_identity_unknown_api_cause	Шаман, Орда: финальный обмен головы и нагрудника Elements. Это самостоятельный вариант цепочки Dungeon Set 2, а не подтверждённый неверный ID. Причина отсутствия названия в текущем скане неизвестна.	8998	Сохранить ID и историю. Не склеивать по названию. Проверить адресно у NPC/на нужном этапе цепочки; повторить запрос этого ID в спокойной сессии.	https://github.com/Questie/Questie/blob/94e2a1420ba989c344508f1b08e6767a8a3fa5a3/Database/TBC/tbcQuestDB.lua#L4168 ; https://github.com/Questie/Questie/blob/94e2a1420ba989c344508f1b08e6767a8a3fa5a3/Database/Corrections/QuestieQuestBlacklist.lua#L4799	8999;9000;9001;9002;9003;9004;9006;9012;9013;9014;10499
9061	Cryptstalker Wristguards	Raids	3456		ZG/Naxx/Atiesh: причина API неизвестна	medium	Naxxramas: hunter T 3 wristguards у Huntsman Leopold 16132 после 9033; Desecrated Wristguards 22362, Chain Scraps 22374, Arcanite 12360, Cured Rugged Hide 15407; Honored Argent Dawn 9000. Не фаза 4/5 TBC. В Questie удаление помечено только начиная с Cataclysm; этот фильтр не применяется к TBC. Почему 2.5.6 не вернул название, установить по источникам не удалось.	9033	Не скрывать как removed/phase 4/5 и не менять ID. Проверить у NPC персонажем нужного класса с выполненными prerequisites/репутацией; сохранить как API-unresolved.	https://github.com/Questie/Questie/blob/94e2a1420ba989c344508f1b08e6767a8a3fa5a3/Database/TBC/tbcQuestDB.lua#L4217 ; https://github.com/Questie/Questie/blob/94e2a1420ba989c344508f1b08e6767a8a3fa5a3/Database/Corrections/QuestieQuestBlacklist.lua#L4913	-
9094	Argent Dawn Gloves	Miscellaneous	-368		Временное Scourge Invasion	high	Scourge Invasion: Alliance-обмен Necrotic Rune 22484 на перчатки у Argent Outfitter 16786 после 9153; противоположная фракция 9333 имеет отдельный ID. Questie относит ID к вторжению и задаёт IsInvasionActive[TBC]=false. Это временное событие, не будущая фаза 4/5 TBC; связь отключения с пустым API остаётся предположением.	9153,9333	Сохранить исторический ID/историю. Кандидат на метку Invasion/event inactive и отдельный фильтр; не переносить на фазу Sunwell. Проверка актуального состояния события не выполнена в клиенте.	https://github.com/Questie/Questie/blob/94e2a1420ba989c344508f1b08e6767a8a3fa5a3/Database/TBC/tbcQuestDB.lua#L4250 ; https://github.com/Questie/Questie/blob/94e2a1420ba989c344508f1b08e6767a8a3fa5a3/Database/Corrections/QuestieQuestBlacklist.lua#L7183 ; https://github.com/Questie/Questie/blob/94e2a1420ba989c344508f1b08e6767a8a3fa5a3/Database/Corrections/ContentPhases/ContentPhases.lua#L15	-
9257	Atiesh, Greatstaff of the Guardian	Miscellaneous	-344		ZG/Naxx/Atiesh: причина API неизвестна	medium	Atiesh: priest-финал после 9251, очистить посох 22737 в Stratholme и вернуться к Anachronos 15192; взаимоисключающие классовые варианты 9269/9270/9271. В Questie удаление помечено только начиная с WotLK; этот фильтр не применяется к TBC. Почему 2.5.6 не вернул название, установить по источникам не удалось.	9251,9269,9270,9271	Не скрывать как removed/phase 4/5 и не менять ID. Проверить у NPC персонажем нужного класса с выполненными prerequisites/репутацией; сохранить как API-unresolved.	https://github.com/Questie/Questie/blob/94e2a1420ba989c344508f1b08e6767a8a3fa5a3/Database/TBC/tbcQuestDB.lua#L4412 ; https://github.com/Questie/Questie/blob/94e2a1420ba989c344508f1b08e6767a8a3fa5a3/Database/Corrections/QuestieQuestBlacklist.lua#L5021	-
9269	Atiesh, Greatstaff of the Guardian	Miscellaneous	-344		ZG/Naxx/Atiesh: причина API неизвестна	medium	Atiesh: druid-финал после 9251; та же сцена очищения, но отдельная классовая награда, не дубликат priest 9257/mage 9270/warlock 9271. В Questie удаление помечено только начиная с WotLK; этот фильтр не применяется к TBC. Почему 2.5.6 не вернул название, установить по источникам не удалось.	9251,9257,9270,9271	Не скрывать как removed/phase 4/5 и не менять ID. Проверить у NPC персонажем нужного класса с выполненными prerequisites/репутацией; сохранить как API-unresolved.	https://github.com/Questie/Questie/blob/94e2a1420ba989c344508f1b08e6767a8a3fa5a3/Database/TBC/tbcQuestDB.lua#L4424 ; https://github.com/Questie/Questie/blob/94e2a1420ba989c344508f1b08e6767a8a3fa5a3/Database/Corrections/QuestieQuestBlacklist.lua#L5022	-
9270	Atiesh, Greatstaff of the Guardian	Miscellaneous	-344		ZG/Naxx/Atiesh: причина API неизвестна	medium	Atiesh: mage-финал после 9251; отдельная классовая награда, остальные 9257/9269/9271 исключают друг друга. В Questie удаление помечено только начиная с WotLK; этот фильтр не применяется к TBC. Почему 2.5.6 не вернул название, установить по источникам не удалось.	9251,9257,9269,9271	Не скрывать как removed/phase 4/5 и не менять ID. Проверить у NPC персонажем нужного класса с выполненными prerequisites/репутацией; сохранить как API-unresolved.	https://github.com/Questie/Questie/blob/94e2a1420ba989c344508f1b08e6767a8a3fa5a3/Database/TBC/tbcQuestDB.lua#L4425 ; https://github.com/Questie/Questie/blob/94e2a1420ba989c344508f1b08e6767a8a3fa5a3/Database/Corrections/QuestieQuestBlacklist.lua#L5023	-
9271	Atiesh, Greatstaff of the Guardian	Miscellaneous	-344		ZG/Naxx/Atiesh: причина API неизвестна	medium	Atiesh: warlock-финал после 9251; отдельный классовый вариант с очищением посоха, не дубль 9257/9269/9270. В Questie удаление помечено только начиная с WotLK; этот фильтр не применяется к TBC. Почему 2.5.6 не вернул название, установить по источникам не удалось.	9251,9257,9269,9270	Не скрывать как removed/phase 4/5 и не менять ID. Проверить у NPC персонажем нужного класса с выполненными prerequisites/репутацией; сохранить как API-unresolved.	https://github.com/Questie/Questie/blob/94e2a1420ba989c344508f1b08e6767a8a3fa5a3/Database/TBC/tbcQuestDB.lua#L4426 ; https://github.com/Questie/Questie/blob/94e2a1420ba989c344508f1b08e6767a8a3fa5a3/Database/Corrections/QuestieQuestBlacklist.lua#L5024	-
9317	Consecrated Sharpening Stones	Miscellaneous	-368		Временное Scourge Invasion	high	Scourge Invasion: Alliance-обмен Necrotic Rune 22484 на точильные камни у Argent Outfitter 16786 после 9153; противоположная фракция 9335 имеет отдельный ID. Questie относит ID к вторжению и задаёт IsInvasionActive[TBC]=false. Это временное событие, не будущая фаза 4/5 TBC; связь отключения с пустым API остаётся предположением.	9153,9335	Сохранить исторический ID/историю. Кандидат на метку Invasion/event inactive и отдельный фильтр; не переносить на фазу Sunwell. Проверка актуального состояния события не выполнена в клиенте.	https://github.com/Questie/Questie/blob/94e2a1420ba989c344508f1b08e6767a8a3fa5a3/Database/TBC/tbcQuestDB.lua#L4464 ; https://github.com/Questie/Questie/blob/94e2a1420ba989c344508f1b08e6767a8a3fa5a3/Database/Corrections/QuestieQuestBlacklist.lua#L7200 ; https://github.com/Questie/Questie/blob/94e2a1420ba989c344508f1b08e6767a8a3fa5a3/Database/Corrections/ContentPhases/ContentPhases.lua#L15	-
9318	Blessed Wizard Oil	Miscellaneous	-368		Временное Scourge Invasion	high	Scourge Invasion: Alliance-обмен Necrotic Rune 22484 на масло у Argent Outfitter 16786 после 9153; противоположная фракция 9334 имеет отдельный ID. Questie относит ID к вторжению и задаёт IsInvasionActive[TBC]=false. Это временное событие, не будущая фаза 4/5 TBC; связь отключения с пустым API остаётся предположением.	9153,9334	Сохранить исторический ID/историю. Кандидат на метку Invasion/event inactive и отдельный фильтр; не переносить на фазу Sunwell. Проверка актуального состояния события не выполнена в клиенте.	https://github.com/Questie/Questie/blob/94e2a1420ba989c344508f1b08e6767a8a3fa5a3/Database/TBC/tbcQuestDB.lua#L4465 ; https://github.com/Questie/Questie/blob/94e2a1420ba989c344508f1b08e6767a8a3fa5a3/Database/Corrections/QuestieQuestBlacklist.lua#L7201 ; https://github.com/Questie/Questie/blob/94e2a1420ba989c344508f1b08e6767a8a3fa5a3/Database/Corrections/ContentPhases/ContentPhases.lua#L15	-
9320	Major Mana Potion	Miscellaneous	-368		Временное Scourge Invasion	high	Scourge Invasion: Horde-обмен Necrotic Rune 22484 на mana potion у Argent Outfitter 16787 после 9153; противоположная фракция 9337 имеет отдельный ID. Questie относит ID к вторжению и задаёт IsInvasionActive[TBC]=false. Это временное событие, не будущая фаза 4/5 TBC; связь отключения с пустым API остаётся предположением.	9153,9337	Сохранить исторический ID/историю. Кандидат на метку Invasion/event inactive и отдельный фильтр; не переносить на фазу Sunwell. Проверка актуального состояния события не выполнена в клиенте.	https://github.com/Questie/Questie/blob/94e2a1420ba989c344508f1b08e6767a8a3fa5a3/Database/TBC/tbcQuestDB.lua#L4467 ; https://github.com/Questie/Questie/blob/94e2a1420ba989c344508f1b08e6767a8a3fa5a3/Database/Corrections/QuestieQuestBlacklist.lua#L7202 ; https://github.com/Questie/Questie/blob/94e2a1420ba989c344508f1b08e6767a8a3fa5a3/Database/Corrections/ContentPhases/ContentPhases.lua#L15	-
9321	Major Healing Potion	Miscellaneous	-368		Временное Scourge Invasion	high	Scourge Invasion: Alliance-обмен Necrotic Rune 22484 на healing potion у Argent Outfitter 16786 после 9153; противоположная фракция 9336 имеет отдельный ID. Questie относит ID к вторжению и задаёт IsInvasionActive[TBC]=false. Это временное событие, не будущая фаза 4/5 TBC; связь отключения с пустым API остаётся предположением.	9153,9336	Сохранить исторический ID/историю. Кандидат на метку Invasion/event inactive и отдельный фильтр; не переносить на фазу Sunwell. Проверка актуального состояния события не выполнена в клиенте.	https://github.com/Questie/Questie/blob/94e2a1420ba989c344508f1b08e6767a8a3fa5a3/Database/TBC/tbcQuestDB.lua#L4468 ; https://github.com/Questie/Questie/blob/94e2a1420ba989c344508f1b08e6767a8a3fa5a3/Database/Corrections/QuestieQuestBlacklist.lua#L7203 ; https://github.com/Questie/Questie/blob/94e2a1420ba989c344508f1b08e6767a8a3fa5a3/Database/Corrections/ContentPhases/ContentPhases.lua#L15	-
9333	Argent Dawn Gloves	Miscellaneous	-368		Временное Scourge Invasion	high	Scourge Invasion: Horde-обмен Necrotic Rune 22484 на перчатки у Argent Outfitter 16787 после 9153; противоположная фракция 9094 имеет отдельный ID. Questie относит ID к вторжению и задаёт IsInvasionActive[TBC]=false. Это временное событие, не будущая фаза 4/5 TBC; связь отключения с пустым API остаётся предположением.	9153,9094	Сохранить исторический ID/историю. Кандидат на метку Invasion/event inactive и отдельный фильтр; не переносить на фазу Sunwell. Проверка актуального состояния события не выполнена в клиенте.	https://github.com/Questie/Questie/blob/94e2a1420ba989c344508f1b08e6767a8a3fa5a3/Database/TBC/tbcQuestDB.lua#L4480 ; https://github.com/Questie/Questie/blob/94e2a1420ba989c344508f1b08e6767a8a3fa5a3/Database/Corrections/QuestieQuestBlacklist.lua#L7204 ; https://github.com/Questie/Questie/blob/94e2a1420ba989c344508f1b08e6767a8a3fa5a3/Database/Corrections/ContentPhases/ContentPhases.lua#L15	-
9334	Blessed Wizard Oil	Miscellaneous	-368		Временное Scourge Invasion	high	Scourge Invasion: Horde-обмен Necrotic Rune 22484 на масло у Argent Outfitter 16787 после 9153; противоположная фракция 9318 имеет отдельный ID. Questie относит ID к вторжению и задаёт IsInvasionActive[TBC]=false. Это временное событие, не будущая фаза 4/5 TBC; связь отключения с пустым API остаётся предположением.	9153,9318	Сохранить исторический ID/историю. Кандидат на метку Invasion/event inactive и отдельный фильтр; не переносить на фазу Sunwell. Проверка актуального состояния события не выполнена в клиенте.	https://github.com/Questie/Questie/blob/94e2a1420ba989c344508f1b08e6767a8a3fa5a3/Database/TBC/tbcQuestDB.lua#L4481 ; https://github.com/Questie/Questie/blob/94e2a1420ba989c344508f1b08e6767a8a3fa5a3/Database/Corrections/QuestieQuestBlacklist.lua#L7205 ; https://github.com/Questie/Questie/blob/94e2a1420ba989c344508f1b08e6767a8a3fa5a3/Database/Corrections/ContentPhases/ContentPhases.lua#L15	-
9335	Consecrated Sharpening Stones	Miscellaneous	-368		Временное Scourge Invasion	high	Scourge Invasion: Horde-обмен Necrotic Rune 22484 на точильные камни у Argent Outfitter 16787 после 9153; противоположная фракция 9317 имеет отдельный ID. Questie относит ID к вторжению и задаёт IsInvasionActive[TBC]=false. Это временное событие, не будущая фаза 4/5 TBC; связь отключения с пустым API остаётся предположением.	9153,9317	Сохранить исторический ID/историю. Кандидат на метку Invasion/event inactive и отдельный фильтр; не переносить на фазу Sunwell. Проверка актуального состояния события не выполнена в клиенте.	https://github.com/Questie/Questie/blob/94e2a1420ba989c344508f1b08e6767a8a3fa5a3/Database/TBC/tbcQuestDB.lua#L4482 ; https://github.com/Questie/Questie/blob/94e2a1420ba989c344508f1b08e6767a8a3fa5a3/Database/Corrections/QuestieQuestBlacklist.lua#L7206 ; https://github.com/Questie/Questie/blob/94e2a1420ba989c344508f1b08e6767a8a3fa5a3/Database/Corrections/ContentPhases/ContentPhases.lua#L15	-
9336	Major Healing Potion	Miscellaneous	-368		Временное Scourge Invasion	high	Scourge Invasion: Horde-обмен Necrotic Rune 22484 на healing potion у Argent Outfitter 16787 после 9153; противоположная фракция 9321 имеет отдельный ID. Questie относит ID к вторжению и задаёт IsInvasionActive[TBC]=false. Это временное событие, не будущая фаза 4/5 TBC; связь отключения с пустым API остаётся предположением.	9153,9321	Сохранить исторический ID/историю. Кандидат на метку Invasion/event inactive и отдельный фильтр; не переносить на фазу Sunwell. Проверка актуального состояния события не выполнена в клиенте.	https://github.com/Questie/Questie/blob/94e2a1420ba989c344508f1b08e6767a8a3fa5a3/Database/TBC/tbcQuestDB.lua#L4483 ; https://github.com/Questie/Questie/blob/94e2a1420ba989c344508f1b08e6767a8a3fa5a3/Database/Corrections/QuestieQuestBlacklist.lua#L7207 ; https://github.com/Questie/Questie/blob/94e2a1420ba989c344508f1b08e6767a8a3fa5a3/Database/Corrections/ContentPhases/ContentPhases.lua#L15	-
9337	Major Mana Potion	Miscellaneous	-368		Временное Scourge Invasion	high	Scourge Invasion: Alliance-обмен Necrotic Rune 22484 на mana potion у Argent Outfitter 16786 после 9153; противоположная фракция 9320 имеет отдельный ID. Questie относит ID к вторжению и задаёт IsInvasionActive[TBC]=false. Это временное событие, не будущая фаза 4/5 TBC; связь отключения с пустым API остаётся предположением.	9153,9320	Сохранить исторический ID/историю. Кандидат на метку Invasion/event inactive и отдельный фильтр; не переносить на фазу Sunwell. Проверка актуального состояния события не выполнена в клиенте.	https://github.com/Questie/Questie/blob/94e2a1420ba989c344508f1b08e6767a8a3fa5a3/Database/TBC/tbcQuestDB.lua#L4484 ; https://github.com/Questie/Questie/blob/94e2a1420ba989c344508f1b08e6767a8a3fa5a3/Database/Corrections/QuestieQuestBlacklist.lua#L7208 ; https://github.com/Questie/Questie/blob/94e2a1420ba989c344508f1b08e6767a8a3fa5a3/Database/Corrections/ContentPhases/ContentPhases.lua#L15	-
9341	Tabard of the Argent Dawn	Miscellaneous	-368		Временное Scourge Invasion	high	Scourge Invasion: Alliance-обмен Necrotic Rune 22484 на табард у Argent Outfitter 16786 после 9153; противоположная фракция 9343 имеет отдельный ID. Questie относит ID к вторжению и задаёт IsInvasionActive[TBC]=false. Это временное событие, не будущая фаза 4/5 TBC; связь отключения с пустым API остаётся предположением.	9153,9343	Сохранить исторический ID/историю. Кандидат на метку Invasion/event inactive и отдельный фильтр; не переносить на фазу Sunwell. Проверка актуального состояния события не выполнена в клиенте.	https://github.com/Questie/Questie/blob/94e2a1420ba989c344508f1b08e6767a8a3fa5a3/Database/TBC/tbcQuestDB.lua#L4488 ; https://github.com/Questie/Questie/blob/94e2a1420ba989c344508f1b08e6767a8a3fa5a3/Database/Corrections/QuestieQuestBlacklist.lua#L7209 ; https://github.com/Questie/Questie/blob/94e2a1420ba989c344508f1b08e6767a8a3fa5a3/Database/Corrections/ContentPhases/ContentPhases.lua#L15	-
9343	Tabard of the Argent Dawn	Miscellaneous	-368		Временное Scourge Invasion	high	Scourge Invasion: Horde-обмен Necrotic Rune 22484 на табард у Argent Outfitter 16787 после 9153; противоположная фракция 9341 имеет отдельный ID. Questie относит ID к вторжению и задаёт IsInvasionActive[TBC]=false. Это временное событие, не будущая фаза 4/5 TBC; связь отключения с пустым API остаётся предположением.	9153,9341	Сохранить исторический ID/историю. Кандидат на метку Invasion/event inactive и отдельный фильтр; не переносить на фазу Sunwell. Проверка актуального состояния события не выполнена в клиенте.	https://github.com/Questie/Questie/blob/94e2a1420ba989c344508f1b08e6767a8a3fa5a3/Database/TBC/tbcQuestDB.lua#L4490 ; https://github.com/Questie/Questie/blob/94e2a1420ba989c344508f1b08e6767a8a3fa5a3/Database/Corrections/QuestieQuestBlacklist.lua#L7210 ; https://github.com/Questie/Questie/blob/94e2a1420ba989c344508f1b08e6767a8a3fa5a3/Database/Corrections/ContentPhases/ContentPhases.lua#L15	-
9525	Imprisoned in the Citadel	Dungeons	3714	4	Фаза 4	high	Ордынский вариант спасения Captain Boneshatter в героических Shattered Halls; Questie относит его к фазе 4. Одноимённый 9524 — вариант Альянса, не замена.	9524	Сохранить ID и фазовую метку; повторить проверку после открытия контента и при подходящих условиях персонажа.	https://github.com/Questie/Questie/blob/94e2a1420ba989c344508f1b08e6767a8a3fa5a3/Database/TBC/tbcQuestDB.lua#L4649 ; https://github.com/Questie/Questie/blob/94e2a1420ba989c344508f1b08e6767a8a3fa5a3/Database/Corrections/ContentPhases/BurningCrusade.lua#L161 ; https://github.com/Questie/Questie/blob/94e2a1420ba989c344508f1b08e6767a8a3fa5a3/Database/Corrections/tbcQuestFixes.lua#L2564	9524
9722	The Master's Path	Classes	-141	5	Фаза 5: альтернативная ветка паладина	high	Ветка Lord Solanar Bloodwrath, этап спонсорства. Вариант Lady Liadrin — 64140; Questie задаёт взаимное exclusiveTo. Исходный ID фазовый, не ошибочный.	64140,9721,9723	Не заменять старый ID. Рассмотреть добавление отдельной ветки Liadrin с сохранением истории; проверить выдачу на паладине-кровавом эльфе.	https://github.com/Questie/Questie/blob/94e2a1420ba989c344508f1b08e6767a8a3fa5a3/Database/TBC/tbcQuestDB.lua#L4822 ; https://github.com/Questie/Questie/blob/94e2a1420ba989c344508f1b08e6767a8a3fa5a3/Database/Corrections/ContentPhases/BurningCrusade.lua#L174 ; https://github.com/Questie/Questie/blob/94e2a1420ba989c344508f1b08e6767a8a3fa5a3/Database/Corrections/tbcQuestFixes.lua#L2884 ; https://github.com/Questie/Questie/blob/94e2a1420ba989c344508f1b08e6767a8a3fa5a3/Database/Corrections/tbcQuestFixes.lua#L7946	64140* (нет в EQ)
9723	A Gesture of Commitment	Classes	-141	5	Фаза 5: альтернативная ветка паладина	high	Ветка Solanar, сбор материалов и денег. Её отдельный вариант Liadrin — 64141, с теми же предметами; взаимное исключение подтверждено.	64141,9722,9725	Не заменять старый ID. Рассмотреть добавление отдельной ветки Liadrin с сохранением истории; проверить выдачу на паладине-кровавом эльфе.	https://github.com/Questie/Questie/blob/94e2a1420ba989c344508f1b08e6767a8a3fa5a3/Database/TBC/tbcQuestDB.lua#L4823 ; https://github.com/Questie/Questie/blob/94e2a1420ba989c344508f1b08e6767a8a3fa5a3/Database/Corrections/ContentPhases/BurningCrusade.lua#L174 ; https://github.com/Questie/Questie/blob/94e2a1420ba989c344508f1b08e6767a8a3fa5a3/Database/Corrections/tbcQuestFixes.lua#L2887 ; https://github.com/Questie/Questie/blob/94e2a1420ba989c344508f1b08e6767a8a3fa5a3/Database/Corrections/tbcQuestFixes.lua#L7961	64141* (нет в EQ)
9725	A Demonstration of Loyalty	Classes	-141	5	Фаза 5: альтернативная ветка паладина	high	Ветка Solanar, осадные инженеры и мясные повозки Плети. Соответствующий этап Liadrin — 64142; это альтернативы цепочки.	64142,9723,9735	Не заменять старый ID. Рассмотреть добавление отдельной ветки Liadrin с сохранением истории; проверить выдачу на паладине-кровавом эльфе.	https://github.com/Questie/Questie/blob/94e2a1420ba989c344508f1b08e6767a8a3fa5a3/Database/TBC/tbcQuestDB.lua#L4825 ; https://github.com/Questie/Questie/blob/94e2a1420ba989c344508f1b08e6767a8a3fa5a3/Database/Corrections/ContentPhases/BurningCrusade.lua#L174 ; https://github.com/Questie/Questie/blob/94e2a1420ba989c344508f1b08e6767a8a3fa5a3/Database/Corrections/tbcQuestFixes.lua#L2890 ; https://github.com/Questie/Questie/blob/94e2a1420ba989c344508f1b08e6767a8a3fa5a3/Database/Corrections/tbcQuestFixes.lua#L7978	64142* (нет в EQ)
9735	True Masters of the Light	Classes	-141	5	Фаза 5: альтернативная ветка паладина	high	Ветка Solanar, этап со святой водой Tyr's Hand. Соответствие 64143 доказано objective item 24284 и exclusiveTo; не 64144, несмотря на одинаковое название.	64143,9725,9736	Не заменять старый ID. Рассмотреть добавление отдельной ветки Liadrin с сохранением истории; проверить выдачу на паладине-кровавом эльфе.	https://github.com/Questie/Questie/blob/94e2a1420ba989c344508f1b08e6767a8a3fa5a3/Database/TBC/tbcQuestDB.lua#L4835 ; https://github.com/Questie/Questie/blob/94e2a1420ba989c344508f1b08e6767a8a3fa5a3/Database/Corrections/ContentPhases/BurningCrusade.lua#L174 ; https://github.com/Questie/Questie/blob/94e2a1420ba989c344508f1b08e6767a8a3fa5a3/Database/Corrections/tbcQuestFixes.lua#L2905 ; https://github.com/Questie/Questie/blob/94e2a1420ba989c344508f1b08e6767a8a3fa5a3/Database/Corrections/tbcQuestFixes.lua#L7994	9737;64143* (нет в EQ);64144* (нет в EQ)
9736	True Masters of the Light	Classes	-141	5	Фаза 5: альтернативная ветка паладина	high	Ветка Solanar, этап с катализатором, порошком и двумя алмазами. Соответствует 64144; обе ветки продолжаются общим 9737. Не смешивать с одноимённым 64143.	64144,9735,9737	Не заменять старый ID. Рассмотреть добавление отдельной ветки Liadrin с сохранением истории; проверить выдачу на паладине-кровавом эльфе.	https://github.com/Questie/Questie/blob/94e2a1420ba989c344508f1b08e6767a8a3fa5a3/Database/TBC/tbcQuestDB.lua#L4836 ; https://github.com/Questie/Questie/blob/94e2a1420ba989c344508f1b08e6767a8a3fa5a3/Database/Corrections/ContentPhases/BurningCrusade.lua#L174 ; https://github.com/Questie/Questie/blob/94e2a1420ba989c344508f1b08e6767a8a3fa5a3/Database/Corrections/tbcQuestFixes.lua#L2908 ; https://github.com/Questie/Questie/blob/94e2a1420ba989c344508f1b08e6767a8a3fa5a3/Database/Corrections/tbcQuestFixes.lua#L2911 ; https://github.com/Questie/Questie/blob/94e2a1420ba989c344508f1b08e6767a8a3fa5a3/Database/Corrections/tbcQuestFixes.lua#L8010	9737;64143* (нет в EQ);64144* (нет в EQ)
10059	Dealing With Zeth'Gor	Outland	3483		Неиспользуемая beta-запись	high	В Questie записан как BETA Dealing With Zeth'Gor, без выдающего и принимающего NPC, и включён в безусловный TBC blacklist. Это сильный кандидат на неиспользуемую бета-запись, а не новый ID.		Кандидат на отдельное исключение из игрового списка; не перенумеровывать и не удалять историю.	https://github.com/Questie/Questie/blob/94e2a1420ba989c344508f1b08e6767a8a3fa5a3/Database/TBC/tbcQuestDB.lua#L5150 ; https://github.com/Questie/Questie/blob/94e2a1420ba989c344508f1b08e6767a8a3fa5a3/Database/Corrections/QuestieQuestBlacklist.lua#L1105	-
10494	Just Compensation	Eastern Kingdoms	1537		Dungeon Set 2: причина API неизвестна	high_identity_unknown_api_cause	Шаман, Альянс: обмен пояса и перчаток Elements; совпадающий 10495 относится к паладину Орды. Это самостоятельный вариант цепочки Dungeon Set 2, а не подтверждённый неверный ID. Причина отсутствия названия в текущем скане неизвестна.	8929,8977	Сохранить ID и историю. Не склеивать по названию. Проверить адресно у NPC/на нужном этапе цепочки; повторить запрос этого ID в спокойной сессии.	https://github.com/Questie/Questie/blob/94e2a1420ba989c344508f1b08e6767a8a3fa5a3/Database/TBC/tbcQuestDB.lua#L5575 ; https://github.com/Questie/Questie/blob/94e2a1420ba989c344508f1b08e6767a8a3fa5a3/Database/Corrections/QuestieQuestBlacklist.lua#L5266	8932;8933;8935;8936;8937;8938;8939;8941;8942;8944;10495
10498	Saving the Best for Last	Eastern Kingdoms	1537		Dungeon Set 2: причина API неизвестна	high_identity_unknown_api_cause	Шаман, Альянс: финальный обмен головы и нагрудника Elements; совпадающий 10499 относится к паладину Орды. Это самостоятельный вариант цепочки Dungeon Set 2, а не подтверждённый неверный ID. Причина отсутствия названия в текущем скане неизвестна.	8997	Сохранить ID и историю. Не склеивать по названию. Проверить адресно у NPC/на нужном этапе цепочки; повторить запрос этого ID в спокойной сессии.	https://github.com/Questie/Questie/blob/94e2a1420ba989c344508f1b08e6767a8a3fa5a3/Database/TBC/tbcQuestDB.lua#L5579 ; https://github.com/Questie/Questie/blob/94e2a1420ba989c344508f1b08e6767a8a3fa5a3/Database/Corrections/QuestieQuestBlacklist.lua#L5266	8999;9000;9001;9002;9003;9004;9006;9012;9013;9014;10499
11122	There and Back Again	Seasonal	-370		Ежегодный праздник	high	Brewfest: альянсовая доставка трёх бочек, после обучения 11318, NPC 23558. Родственный 11412 — ордынский вариант; Questie включает 11122 во время события. Принадлежность празднику подтверждена; причина пустого ответа API вне события не доказана, доступность на Anniversary требует проверки в период праздника.	11318,11412	Сохранить ID. Возможна отдельная метка Season; повторно запросить API и проверить выдачу на соответствующем празднике, не удалять по одному скану.	https://github.com/Questie/Questie/blob/94e2a1420ba989c344508f1b08e6767a8a3fa5a3/Database/TBC/tbcQuestDB.lua#L6189 ; https://github.com/Questie/Questie/blob/94e2a1420ba989c344508f1b08e6767a8a3fa5a3/Database/Corrections/Holidays/quests/Brewfest.lua#L13	-
11130	Oooh, Shinies!	Raids	3805	4	Фаза 4	high	Вводный квест Griftah → Budd для Zul'Aman; следующий этап 11132. Подтверждённое содержимое фазы 4.	11132	Сохранить ID и фазовую метку; повторить проверку после открытия контента и при подходящих условиях персонажа.	https://github.com/Questie/Questie/blob/94e2a1420ba989c344508f1b08e6767a8a3fa5a3/Database/TBC/tbcQuestDB.lua#L6195 ; https://github.com/Questie/Questie/blob/94e2a1420ba989c344508f1b08e6767a8a3fa5a3/Database/Corrections/ContentPhases/BurningCrusade.lua#L161	-
11132	Promises, Promises...	Raids	3805	4	Фаза 4	high	Zul'Aman: вернуть карту Budd; продолжение 11166. Не удалённый дубль.	11130,11166	Сохранить ID и фазовую метку; повторить проверку после открытия контента и при подходящих условиях персонажа.	https://github.com/Questie/Questie/blob/94e2a1420ba989c344508f1b08e6767a8a3fa5a3/Database/TBC/tbcQuestDB.lua#L6197 ; https://github.com/Questie/Questie/blob/94e2a1420ba989c344508f1b08e6767a8a3fa5a3/Database/Corrections/ContentPhases/BurningCrusade.lua#L161	-
11163	Undercover Sister	Raids	3805	4	Фаза 4	high	Наградной шаг Donna Brascoe после Blood of the Warlord 11178; контент Zul'Aman фазы 4.	11178	Сохранить ID и фазовую метку; повторить проверку после открытия контента и при подходящих условиях персонажа.	https://github.com/Questie/Questie/blob/94e2a1420ba989c344508f1b08e6767a8a3fa5a3/Database/TBC/tbcQuestDB.lua#L6224 ; https://github.com/Questie/Questie/blob/94e2a1420ba989c344508f1b08e6767a8a3fa5a3/Database/Corrections/ContentPhases/BurningCrusade.lua#L161	-
11164	Tuskin' Raiders	Raids	3805	4	Фаза 4	high	Zul'Aman: сбор бивней для Prigmon; начало ветки к Zungam. Фаза 4.	11165	Сохранить ID и фазовую метку; повторить проверку после открытия контента и при подходящих условиях персонажа.	https://github.com/Questie/Questie/blob/94e2a1420ba989c344508f1b08e6767a8a3fa5a3/Database/TBC/tbcQuestDB.lua#L6225 ; https://github.com/Questie/Questie/blob/94e2a1420ba989c344508f1b08e6767a8a3fa5a3/Database/Corrections/ContentPhases/BurningCrusade.lua#L161	-
11165	A Troll Among Trolls	Raids	3805	4	Фаза 4	high	Поиск Zungam внутри Zul'Aman после 11164; следующий шаг 11195. Фаза 4.	11164,11195	Сохранить ID и фазовую метку; повторить проверку после открытия контента и при подходящих условиях персонажа.	https://github.com/Questie/Questie/blob/94e2a1420ba989c344508f1b08e6767a8a3fa5a3/Database/TBC/tbcQuestDB.lua#L6226 ; https://github.com/Questie/Questie/blob/94e2a1420ba989c344508f1b08e6767a8a3fa5a3/Database/Corrections/ContentPhases/BurningCrusade.lua#L161	-
11166	X Marks... Your Doom!	Raids	3805	4	Фаза 4	high	Осмотр площадок трёх боссов Zul'Aman после 11132, затем 11171. Фаза 4.	11132,11171	Сохранить ID и фазовую метку; повторить проверку после открытия контента и при подходящих условиях персонажа.	https://github.com/Questie/Questie/blob/94e2a1420ba989c344508f1b08e6767a8a3fa5a3/Database/TBC/tbcQuestDB.lua#L6227 ; https://github.com/Questie/Questie/blob/94e2a1420ba989c344508f1b08e6767a8a3fa5a3/Database/Corrections/ContentPhases/BurningCrusade.lua#L161	-
11171	Hex Lord? Hah!	Raids	3805	4	Фаза 4	high	Убийство Hex Lord Malacrass после разведки 11166. Контент Zul'Aman фазы 4.	11166	Сохранить ID и фазовую метку; повторить проверку после открытия контента и при подходящих условиях персонажа.	https://github.com/Questie/Questie/blob/94e2a1420ba989c344508f1b08e6767a8a3fa5a3/Database/TBC/tbcQuestDB.lua#L6229 ; https://github.com/Questie/Questie/blob/94e2a1420ba989c344508f1b08e6767a8a3fa5a3/Database/Corrections/ContentPhases/BurningCrusade.lua#L161	-
11195	Playin' With Dolls	Raids	3805	4	Фаза 4	high	Доставка куклы от Zungam к Griftah; финал соответствующей ветки Zul'Aman фазы 4.	11165	Сохранить ID и фазовую метку; повторить проверку после открытия контента и при подходящих условиях персонажа.	https://github.com/Questie/Questie/blob/94e2a1420ba989c344508f1b08e6767a8a3fa5a3/Database/TBC/tbcQuestDB.lua#L6245 ; https://github.com/Questie/Questie/blob/94e2a1420ba989c344508f1b08e6767a8a3fa5a3/Database/Corrections/ContentPhases/BurningCrusade.lua#L161	-
11242	Free at Last!	Seasonal	-1003		Ежегодный праздник	high	Hallow's End: альянсовый финал истории Thomas Thomson, после 11135; TBC corrections задаёт 23904→24519, уровень 65. Questie скрывает этот вариант лишь начиная с WotLK, не в TBC. Принадлежность празднику подтверждена; причина пустого ответа API вне события не доказана, доступность на Anniversary требует проверки в период праздника.	11135,11403	Сохранить ID. Возможна отдельная метка Season; повторно запросить API и проверить выдачу на соответствующем празднике, не удалять по одному скану.	https://github.com/Questie/Questie/blob/94e2a1420ba989c344508f1b08e6767a8a3fa5a3/Database/TBC/tbcQuestDB.lua#L6270 ; https://github.com/Questie/Questie/blob/94e2a1420ba989c344508f1b08e6767a8a3fa5a3/Database/Corrections/Holidays/quests/HallowsEnd.lua#L30 ; https://github.com/Questie/Questie/blob/94e2a1420ba989c344508f1b08e6767a8a3fa5a3/Database/Corrections/tbcQuestFixes.lua#L5597	-
11293	Bark for the Barleybrews!	Seasonal	-370		Ежегодный праздник	high	Brewfest: ежедневная реклама Barleybrews в Ironforge после 11318; альтернативный выбор 11294, не сломанный ID. Questie сохраняет взаимоисключение брендов. Принадлежность празднику подтверждена; причина пустого ответа API вне события не доказана, доступность на Anniversary требует проверки в период праздника.	11318,11294	Сохранить ID. Возможна отдельная метка Season; повторно запросить API и проверить выдачу на соответствующем празднике, не удалять по одному скану.	https://github.com/Questie/Questie/blob/94e2a1420ba989c344508f1b08e6767a8a3fa5a3/Database/TBC/tbcQuestDB.lua#L6271 ; https://github.com/Questie/Questie/blob/94e2a1420ba989c344508f1b08e6767a8a3fa5a3/Database/Corrections/Holidays/quests/Brewfest.lua#L14	-
11294	Bark for the Thunderbrews!	Seasonal	-370		Ежегодный праздник	high	Brewfest: ежедневная реклама Thunderbrews в Ironforge после 11318, взаимоисключающая 11293. API не ответил ни для одного варианта; это не свидетельство замены. Принадлежность празднику подтверждена; причина пустого ответа API вне события не доказана, доступность на Anniversary требует проверки в период праздника.	11318,11293	Сохранить ID. Возможна отдельная метка Season; повторно запросить API и проверить выдачу на соответствующем празднике, не удалять по одному скану.	https://github.com/Questie/Questie/blob/94e2a1420ba989c344508f1b08e6767a8a3fa5a3/Database/TBC/tbcQuestDB.lua#L6272 ; https://github.com/Questie/Questie/blob/94e2a1420ba989c344508f1b08e6767a8a3fa5a3/Database/Corrections/Holidays/quests/Brewfest.lua#L15	-
11321	Did Someone Say "Souvenir?"	Seasonal	-370		Исторический вариант Brewfest — требует проверки	medium	Brewfest: Alliance-старый обмен Brewfest Stein Voucher 33955; в сырой TBC-базе отсутствует startedBy/finishedBy. Questie не включает ID в список активируемых праздничных квестов и оставляет blacklist=true. Вероятная устаревшая версия сувенира; точный год/удаление именно на Anniversary не подтверждены.	11413,12193	Не менять ID автоматически. Отдельная проверка актуальной версии Brewfest у соответствующего NPC; историческую запись и прогресс сохранить.	https://github.com/Questie/Questie/blob/94e2a1420ba989c344508f1b08e6767a8a3fa5a3/Database/TBC/tbcQuestDB.lua#L6274 ; https://github.com/Questie/Questie/blob/94e2a1420ba989c344508f1b08e6767a8a3fa5a3/Database/Corrections/QuestieQuestBlacklist.lua#L333 ; https://github.com/Questie/Questie/blob/94e2a1420ba989c344508f1b08e6767a8a3fa5a3/Database/Corrections/Holidays/quests/Brewfest.lua#L33	-
11392	Call the Headless Horseman	Seasonal	-1003		Ежегодный праздник	high	Hallow's End: вызов Headless Horseman через Dreary Candle, после 11135/11220.11392 и 11401 поддерживаются TBC-фильтром Questie;11404/11405 имеют такие же названия, но помечены авторами вопросом phase gated, поэтому доказанной замены нет. Принадлежность празднику подтверждена; причина пустого ответа API вне события не доказана, доступность на Anniversary требует проверки в период праздника.	11135,11220,11401,11404,11405	Сохранить ID. Возможна отдельная метка Season; повторно запросить API и проверить выдачу на соответствующем празднике, не удалять по одному скану.	https://github.com/Questie/Questie/blob/94e2a1420ba989c344508f1b08e6767a8a3fa5a3/Database/TBC/tbcQuestDB.lua#L6313 ; https://github.com/Questie/Questie/blob/94e2a1420ba989c344508f1b08e6767a8a3fa5a3/Database/Corrections/Holidays/quests/HallowsEnd.lua#L35 ; https://github.com/Questie/Questie/blob/94e2a1420ba989c344508f1b08e6767a8a3fa5a3/Database/Corrections/tbcQuestFixes.lua#L5670	11404;11405
11401	Call the Headless Horseman	Seasonal	-1003		Ежегодный праздник	high	Hallow's End: повторяемый вызов Headless Horseman, Dreary Candle. Questie TBC corrections оставляет отдельный ID и явно сомневается в различии 11404/11405; одинаковое имя не разрешает перепривязку. Принадлежность празднику подтверждена; причина пустого ответа API вне события не доказана, доступность на Anniversary требует проверки в период праздника.	11392,11404,11405	Сохранить ID. Возможна отдельная метка Season; повторно запросить API и проверить выдачу на соответствующем празднике, не удалять по одному скану.	https://github.com/Questie/Questie/blob/94e2a1420ba989c344508f1b08e6767a8a3fa5a3/Database/TBC/tbcQuestDB.lua#L6315 ; https://github.com/Questie/Questie/blob/94e2a1420ba989c344508f1b08e6767a8a3fa5a3/Database/Corrections/Holidays/quests/HallowsEnd.lua#L36 ; https://github.com/Questie/Questie/blob/94e2a1420ba989c344508f1b08e6767a8a3fa5a3/Database/Corrections/tbcQuestFixes.lua#L5675	11404;11405
11403	Free at Last!	Seasonal	-1003		Ежегодный праздник	high	Hallow's End: ордынский финал истории Thomas Thomson после 11220, TBC corrections задаёт 23904→23973, уровень 65; не альянсовый 11242. Скрытие в Questie начинается с WotLK. Принадлежность празднику подтверждена; причина пустого ответа API вне события не доказана, доступность на Anniversary требует проверки в период праздника.	11220,11242	Сохранить ID. Возможна отдельная метка Season; повторно запросить API и проверить выдачу на соответствующем празднике, не удалять по одному скану.	https://github.com/Questie/Questie/blob/94e2a1420ba989c344508f1b08e6767a8a3fa5a3/Database/TBC/tbcQuestDB.lua#L6316 ; https://github.com/Questie/Questie/blob/94e2a1420ba989c344508f1b08e6767a8a3fa5a3/Database/Corrections/Holidays/quests/HallowsEnd.lua#L37 ; https://github.com/Questie/Questie/blob/94e2a1420ba989c344508f1b08e6767a8a3fa5a3/Database/Corrections/tbcQuestFixes.lua#L5680	-
11407	Bark for Drohn's Distillery!	Seasonal	-370		Ежегодный праздник	high	Brewfest: ежедневная реклама Drohn's Distillery в Orgrimmar после 11409; взаимоисключающая 11408. Поддерживается моделью события TBC. Принадлежность празднику подтверждена; причина пустого ответа API вне события не доказана, доступность на Anniversary требует проверки в период праздника.	11409,11408	Сохранить ID. Возможна отдельная метка Season; повторно запросить API и проверить выдачу на соответствующем празднике, не удалять по одному скану.	https://github.com/Questie/Questie/blob/94e2a1420ba989c344508f1b08e6767a8a3fa5a3/Database/TBC/tbcQuestDB.lua#L6319 ; https://github.com/Questie/Questie/blob/94e2a1420ba989c344508f1b08e6767a8a3fa5a3/Database/Corrections/Holidays/quests/Brewfest.lua#L18	-
11408	Bark for T'chali's Voodoo Brewery!	Seasonal	-370		Ежегодный праздник	high	Brewfest: ежедневная реклама T'chali's Voodoo Brewery в Orgrimmar после 11409; взаимоисключающая 11407. Поддерживается моделью события TBC. Принадлежность празднику подтверждена; причина пустого ответа API вне события не доказана, доступность на Anniversary требует проверки в период праздника.	11409,11407	Сохранить ID. Возможна отдельная метка Season; повторно запросить API и проверить выдачу на соответствующем празднике, не удалять по одному скану.	https://github.com/Questie/Questie/blob/94e2a1420ba989c344508f1b08e6767a8a3fa5a3/Database/TBC/tbcQuestDB.lua#L6320 ; https://github.com/Questie/Questie/blob/94e2a1420ba989c344508f1b08e6767a8a3fa5a3/Database/Corrections/Holidays/quests/Brewfest.lua#L19	-
11412	There and Back Again	Seasonal	-370		Ежегодный праздник	high	Brewfest: ордынская доставка трёх бочек после 11409, NPC 24497. Альянсовый 11122 — отдельный вариант. Questie активирует 11412 на событии. Принадлежность празднику подтверждена; причина пустого ответа API вне события не доказана, доступность на Anniversary требует проверки в период праздника.	11409,11122	Сохранить ID. Возможна отдельная метка Season; повторно запросить API и проверить выдачу на соответствующем празднике, не удалять по одному скану.	https://github.com/Questie/Questie/blob/94e2a1420ba989c344508f1b08e6767a8a3fa5a3/Database/TBC/tbcQuestDB.lua#L6322 ; https://github.com/Questie/Questie/blob/94e2a1420ba989c344508f1b08e6767a8a3fa5a3/Database/Corrections/Holidays/quests/Brewfest.lua#L21	-
11413	Did Someone Say "Souvenir?"	Seasonal	-370		Исторический вариант Brewfest — требует проверки	medium	Brewfest: Horde-старый обмен Brewfest Stein Voucher 33955; в сырой TBC-базе отсутствует startedBy/finishedBy. Questie не включает ID в список активируемых праздничных квестов (строка даже закомментирована) и оставляет blacklist=true. Вероятная устаревшая версия сувенира; точный год/удаление именно на Anniversary не подтверждены.	11321,12194	Не менять ID автоматически. Отдельная проверка актуальной версии Brewfest у соответствующего NPC; историческую запись и прогресс сохранить.	https://github.com/Questie/Questie/blob/94e2a1420ba989c344508f1b08e6767a8a3fa5a3/Database/TBC/tbcQuestDB.lua#L6323 ; https://github.com/Questie/Questie/blob/94e2a1420ba989c344508f1b08e6767a8a3fa5a3/Database/Corrections/QuestieQuestBlacklist.lua#L6838 ; https://github.com/Questie/Questie/blob/94e2a1420ba989c344508f1b08e6767a8a3fa5a3/Database/Corrections/Holidays/quests/Brewfest.lua#L33	-
11481	Crisis at the Sunwell	Eastern Kingdoms	4080	5	Фаза 5	high	Вводная ветка Aldor к Larethor и Magisters' Terrace 11488. Взаимоисключаема со Scryers-вариантом 11482, а не ошибочный дубль.	11482,11488	Сохранить ID и фазовую метку; повторить проверку после открытия контента и при подходящих условиях персонажа.	https://github.com/Questie/Questie/blob/94e2a1420ba989c344508f1b08e6767a8a3fa5a3/Database/TBC/tbcQuestDB.lua#L6337 ; https://github.com/Questie/Questie/blob/94e2a1420ba989c344508f1b08e6767a8a3fa5a3/Database/Corrections/ContentPhases/BurningCrusade.lua#L174 ; https://github.com/Questie/Questie/blob/94e2a1420ba989c344508f1b08e6767a8a3fa5a3/Database/Corrections/tbcQuestFixes.lua#L5739	-
11482	Duty Calls	Eastern Kingdoms	4080	5	Фаза 5	high	Вводная ветка Scryers к Larethor и Magisters' Terrace 11488. Альтернатива Aldor-квесту 11481.	11481,11488	Сохранить ID и фазовую метку; повторить проверку после открытия контента и при подходящих условиях персонажа.	https://github.com/Questie/Questie/blob/94e2a1420ba989c344508f1b08e6767a8a3fa5a3/Database/TBC/tbcQuestDB.lua#L6338 ; https://github.com/Questie/Questie/blob/94e2a1420ba989c344508f1b08e6767a8a3fa5a3/Database/Corrections/ContentPhases/BurningCrusade.lua#L174 ; https://github.com/Questie/Questie/blob/94e2a1420ba989c344508f1b08e6767a8a3fa5a3/Database/Corrections/tbcQuestFixes.lua#L5743	-
11486	The Best of Brews	Seasonal	-370		Исторический вариант Brewfest — требует проверки	medium	Brewfest: Alliance-продолжение старого Seek the Saboteurs 11454: Coren 23872 передаёт Dark Iron Ale Keg 34141 организатору 24710. Это историческая ветка, отсутствующая в актуальном списке Questie Brewfest. Отметка removed в современных справочниках не доказывает удаление в TBC; статус Anniversary пока не подтверждён.	11454,11487	Не менять ID автоматически. Отдельная проверка актуальной версии Brewfest у соответствующего NPC; историческую запись и прогресс сохранить.	https://github.com/Questie/Questie/blob/94e2a1420ba989c344508f1b08e6767a8a3fa5a3/Database/TBC/tbcQuestDB.lua#L6339 ; https://github.com/Questie/Questie/blob/94e2a1420ba989c344508f1b08e6767a8a3fa5a3/Database/Corrections/Holidays/quests/Brewfest.lua#L9 ; https://warcraft.wiki.gg/wiki/The_Best_of_Brews_(Alliance) ; https://www.wowhead.com/tbc/quest=11454/seek-the-saboteurs	-
11487	The Best of Brews	Seasonal	-370		Исторический вариант Brewfest — требует проверки	medium	Brewfest: Horde-продолжение старого Seek the Saboteurs 11454: Coren 23872 передаёт Dark Iron Ale Keg 34141 организатору 24711. Это историческая ветка, отсутствующая в актуальном списке Questie Brewfest. Отметка removed в современных справочниках не доказывает удаление в TBC; статус Anniversary пока не подтверждён.	11454,11486	Не менять ID автоматически. Отдельная проверка актуальной версии Brewfest у соответствующего NPC; историческую запись и прогресс сохранить.	https://github.com/Questie/Questie/blob/94e2a1420ba989c344508f1b08e6767a8a3fa5a3/Database/TBC/tbcQuestDB.lua#L6340 ; https://github.com/Questie/Questie/blob/94e2a1420ba989c344508f1b08e6767a8a3fa5a3/Database/Corrections/Holidays/quests/Brewfest.lua#L9 ; https://warcraft.wiki.gg/wiki/The_Best_of_Brews_(Horde) ; https://www.wowhead.com/tbc/quest=11454/seek-the-saboteurs	-
11490	The Scryer's Scryer	Dungeons	4095	5	Фаза 5	high	Шаг Magisters' Terrace с обзорной сферой: 11488 → 11490 → 11492. Подтверждённый контент Sunwell, фаза 5.	11488,11492	Сохранить ID и фазовую метку; повторить проверку после открытия контента и при подходящих условиях персонажа.	https://github.com/Questie/Questie/blob/94e2a1420ba989c344508f1b08e6767a8a3fa5a3/Database/TBC/tbcQuestDB.lua#L6342 ; https://github.com/Questie/Questie/blob/94e2a1420ba989c344508f1b08e6767a8a3fa5a3/Database/Corrections/ContentPhases/BurningCrusade.lua#L174	-
11492	Hard to Kill	Dungeons	4095	5	Фаза 5	high	Завершение ветки Magisters' Terrace: голова Kael'thas после 11490. Контент фазы 5, не основание для замены ID.	11490	Сохранить ID и фазовую метку; повторить проверку после открытия контента и при подходящих условиях персонажа.	https://github.com/Questie/Questie/blob/94e2a1420ba989c344508f1b08e6767a8a3fa5a3/Database/TBC/tbcQuestDB.lua#L6343 ; https://github.com/Questie/Questie/blob/94e2a1420ba989c344508f1b08e6767a8a3fa5a3/Database/Corrections/ContentPhases/BurningCrusade.lua#L174	-
11513	Intercepting the Mana Cells	Outland	3522	5	Фаза 5	high	Дэйлик строительства портала Shattrath–Quel'Danas. Исторически сменяется 11514 после готовности портала; оба ID правильные.	11514,11517	Сохранить ID и фазовую метку; повторить проверку после открытия контента и при подходящих условиях персонажа.	https://github.com/Questie/Questie/blob/94e2a1420ba989c344508f1b08e6767a8a3fa5a3/Database/TBC/tbcQuestDB.lua#L6353 ; https://github.com/Questie/Questie/blob/94e2a1420ba989c344508f1b08e6767a8a3fa5a3/Database/Corrections/ContentPhases/BurningCrusade.lua#L174 ; https://github.com/Questie/Questie/blob/94e2a1420ba989c344508f1b08e6767a8a3fa5a3/Database/Corrections/tbcQuestFixes.lua#L5773 ; https://warcraft.wiki.gg/wiki/Template%3AShattered_Sun_Offensive_Dailies	-
11514	Maintaining the Sunwell Portal	Outland	3522	5	Фаза 5	high	Постоянный дэйлик обслуживания готового портала, сменяющий 11513. Это этап прогресса острова внутри TBC-фазы 5.	11513,11534	Сохранить ID и фазовую метку; повторить проверку после открытия контента и при подходящих условиях персонажа.	https://github.com/Questie/Questie/blob/94e2a1420ba989c344508f1b08e6767a8a3fa5a3/Database/TBC/tbcQuestDB.lua#L6354 ; https://github.com/Questie/Questie/blob/94e2a1420ba989c344508f1b08e6767a8a3fa5a3/Database/Corrections/ContentPhases/BurningCrusade.lua#L174 ; https://github.com/Questie/Questie/blob/94e2a1420ba989c344508f1b08e6767a8a3fa5a3/Database/Corrections/tbcQuestFixes.lua#L5776 ; https://warcraft.wiki.gg/wiki/Template%3AShattered_Sun_Offensive_Dailies	-
11515	Blood for Blood	Outland	3483	5	Фаза 5	high	Дэйлик Magistrix Seyla в Hellfire Peninsula, ветка Shattered Sun после 11526. География Outland не отменяет принадлежность фазе 5.	11526	Сохранить ID и фазовую метку; повторить проверку после открытия контента и при подходящих условиях персонажа.	https://github.com/Questie/Questie/blob/94e2a1420ba989c344508f1b08e6767a8a3fa5a3/Database/TBC/tbcQuestDB.lua#L6355 ; https://github.com/Questie/Questie/blob/94e2a1420ba989c344508f1b08e6767a8a3fa5a3/Database/Corrections/ContentPhases/BurningCrusade.lua#L174	-
11516	Blast the Gateway	Outland	3483	5	Фаза 5	high	Дэйлик Seyla с уничтожением Legion Gateway; ветка Shattered Sun после 11526, фаза 5.	11526	Сохранить ID и фазовую метку; повторить проверку после открытия контента и при подходящих условиях персонажа.	https://github.com/Questie/Questie/blob/94e2a1420ba989c344508f1b08e6767a8a3fa5a3/Database/TBC/tbcQuestDB.lua#L6356 ; https://github.com/Questie/Questie/blob/94e2a1420ba989c344508f1b08e6767a8a3fa5a3/Database/Corrections/ContentPhases/BurningCrusade.lua#L174	-
11517	Report to Nasuun	Outland	3703	5	Фаза 5	high	Необязательное направление от Portanuus к Nasuun для строительства портала. Questie исключает его после 11513/11514; обязательность снята с самих дэйликов.	11513,11514,11534	Сохранить ID и фазовую метку; повторить проверку после открытия контента и при подходящих условиях персонажа.	https://github.com/Questie/Questie/blob/94e2a1420ba989c344508f1b08e6767a8a3fa5a3/Database/TBC/tbcQuestDB.lua#L6357 ; https://github.com/Questie/Questie/blob/94e2a1420ba989c344508f1b08e6767a8a3fa5a3/Database/Corrections/ContentPhases/BurningCrusade.lua#L174 ; https://github.com/Questie/Questie/blob/94e2a1420ba989c344508f1b08e6767a8a3fa5a3/Database/Corrections/tbcQuestFixes.lua#L5773 ; https://github.com/Questie/Questie/blob/94e2a1420ba989c344508f1b08e6767a8a3fa5a3/Database/Corrections/tbcQuestFixes.lua#L5788 ; https://www.wowhead.com/mop-classic/quest%3D11517/report-to-nasuun	-
11520	Discovering Your Roots	Outland	3519	5	Фаза 5	high	Сбор корней для открытия алхимической лаборатории. Исторически заменяется 11521 после её готовности; не ошибка ID.	11521	Сохранить ID и фазовую метку; повторить проверку после открытия контента и при подходящих условиях персонажа.	https://github.com/Questie/Questie/blob/94e2a1420ba989c344508f1b08e6767a8a3fa5a3/Database/TBC/tbcQuestDB.lua#L6359 ; https://github.com/Questie/Questie/blob/94e2a1420ba989c344508f1b08e6767a8a3fa5a3/Database/Corrections/ContentPhases/BurningCrusade.lua#L174 ; https://bittsguides.com/shattered-sun-offensive/	-
11521	Rediscovering Your Roots	Outland	3519	5	Фаза 5	high	Постоянный вариант сбора корней после открытия алхимической лаборатории; предыдущий вариант 11520.	11520	Сохранить ID и фазовую метку; повторить проверку после открытия контента и при подходящих условиях персонажа.	https://github.com/Questie/Questie/blob/94e2a1420ba989c344508f1b08e6767a8a3fa5a3/Database/TBC/tbcQuestDB.lua#L6360 ; https://github.com/Questie/Questie/blob/94e2a1420ba989c344508f1b08e6767a8a3fa5a3/Database/Corrections/ContentPhases/BurningCrusade.lua#L174 ; https://bittsguides.com/shattered-sun-offensive/	-
11523	Arm the Wards!	Eastern Kingdoms	4080	5	Фаза 5	high	Исторически сменяет The Sanctum Wards 11496 после захвата Sun's Reach Sanctum. Метка Phase 5 относится к TBC, не к номеру этапа острова.	11496	Сохранить ID и фазовую метку; повторить проверку после открытия контента и при подходящих условиях персонажа.	https://github.com/Questie/Questie/blob/94e2a1420ba989c344508f1b08e6767a8a3fa5a3/Database/TBC/tbcQuestDB.lua#L6361 ; https://github.com/Questie/Questie/blob/94e2a1420ba989c344508f1b08e6767a8a3fa5a3/Database/Corrections/ContentPhases/BurningCrusade.lua#L174 ; https://warcraft.wiki.gg/wiki/Template%3AShattered_Sun_Offensive_Dailies	-
11525	Further Conversions	Eastern Kingdoms	4080	5	Фаза 5	high	Исторически сменяет Erratic Behavior 11524 после захвата Sanctum; отдельный корректный ID постоянного дэйлика.	11524	Сохранить ID и фазовую метку; повторить проверку после открытия контента и при подходящих условиях персонажа.	https://github.com/Questie/Questie/blob/94e2a1420ba989c344508f1b08e6767a8a3fa5a3/Database/TBC/tbcQuestDB.lua#L6363 ; https://github.com/Questie/Questie/blob/94e2a1420ba989c344508f1b08e6767a8a3fa5a3/Database/Corrections/ContentPhases/BurningCrusade.lua#L174 ; https://warcraft.wiki.gg/wiki/Template%3AShattered_Sun_Offensive_Dailies	-
11533	The Air Strikes Must Continue	Eastern Kingdoms	4080	5	Фаза 5	high	Исторически сменяет Distraction at the Dead Scar 11532 после захвата Armory; не переименование одной записи EveryQuest.	11532	Сохранить ID и фазовую метку; повторить проверку после открытия контента и при подходящих условиях персонажа.	https://github.com/Questie/Questie/blob/94e2a1420ba989c344508f1b08e6767a8a3fa5a3/Database/TBC/tbcQuestDB.lua#L6368 ; https://github.com/Questie/Questie/blob/94e2a1420ba989c344508f1b08e6767a8a3fa5a3/Database/Corrections/ContentPhases/BurningCrusade.lua#L174 ; https://warcraft.wiki.gg/wiki/Template%3AShattered_Sun_Offensive_Dailies	-
11534	Report to Nasuun	Outland	3703	5	Фаза 5	high	Второе направление Portanuus → Nasuun, связанное в исходной базе с вариантом обслуживания портала 11514. Questie снимает обязательность и исключает после обоих дэйликов; не сливать с 11517.	11513,11514,11517	Сохранить ID и фазовую метку; повторить проверку после открытия контента и при подходящих условиях персонажа.	https://github.com/Questie/Questie/blob/94e2a1420ba989c344508f1b08e6767a8a3fa5a3/Database/TBC/tbcQuestDB.lua#L6369 ; https://github.com/Questie/Questie/blob/94e2a1420ba989c344508f1b08e6767a8a3fa5a3/Database/Corrections/ContentPhases/BurningCrusade.lua#L174 ; https://github.com/Questie/Questie/blob/94e2a1420ba989c344508f1b08e6767a8a3fa5a3/Database/Corrections/tbcQuestFixes.lua#L5776 ; https://github.com/Questie/Questie/blob/94e2a1420ba989c344508f1b08e6767a8a3fa5a3/Database/Corrections/tbcQuestFixes.lua#L5825	-
11535	Making Ready	Eastern Kingdoms	4080	5	Фаза 5	high	Сбор руды для оборудования наковальни Hauthaa. После готовности исторически сменяется Don't Stop Now 11536.	11536	Сохранить ID и фазовую метку; повторить проверку после открытия контента и при подходящих условиях персонажа.	https://github.com/Questie/Questie/blob/94e2a1420ba989c344508f1b08e6767a8a3fa5a3/Database/TBC/tbcQuestDB.lua#L6370 ; https://github.com/Questie/Questie/blob/94e2a1420ba989c344508f1b08e6767a8a3fa5a3/Database/Corrections/ContentPhases/BurningCrusade.lua#L174 ; https://www.giddygamer.com/wow/content/reputation/bc_shattered_sun_rep_quests.pdf	-
11536	Don't Stop Now....	Eastern Kingdoms	4080	5	Фаза 5	high	Постоянная версия сбора руды после готовности наковальни; предыдущий ID 11535. Контент фазы 5.	11535	Сохранить ID и фазовую метку; повторить проверку после открытия контента и при подходящих условиях персонажа.	https://github.com/Questie/Questie/blob/94e2a1420ba989c344508f1b08e6767a8a3fa5a3/Database/TBC/tbcQuestDB.lua#L6371 ; https://github.com/Questie/Questie/blob/94e2a1420ba989c344508f1b08e6767a8a3fa5a3/Database/Corrections/ContentPhases/BurningCrusade.lua#L174 ; https://www.giddygamer.com/wow/content/reputation/bc_shattered_sun_rep_quests.pdf	-
11537	The Battle Must Go On	Eastern Kingdoms	4080	5	Фаза 5	high	Исторически сменяет The Battle for the Sun's Reach Armory 11538 после захвата Armory. Оба ID отражают нормальные этапы.	11538	Сохранить ID и фазовую метку; повторить проверку после открытия контента и при подходящих условиях персонажа.	https://github.com/Questie/Questie/blob/94e2a1420ba989c344508f1b08e6767a8a3fa5a3/Database/TBC/tbcQuestDB.lua#L6372 ; https://github.com/Questie/Questie/blob/94e2a1420ba989c344508f1b08e6767a8a3fa5a3/Database/Corrections/ContentPhases/BurningCrusade.lua#L174 ; https://warcraft.wiki.gg/wiki/Template%3AShattered_Sun_Offensive_Dailies	-
11540	Crush the Dawnblade	Eastern Kingdoms	4080	5	Фаза 5	high	Исторически сменяет Taking the Harbor 11539 после захвата Harbor. Постоянная версия островного дэйлика.	11539	Сохранить ID и фазовую метку; повторить проверку после открытия контента и при подходящих условиях персонажа.	https://github.com/Questie/Questie/blob/94e2a1420ba989c344508f1b08e6767a8a3fa5a3/Database/TBC/tbcQuestDB.lua#L6375 ; https://github.com/Questie/Questie/blob/94e2a1420ba989c344508f1b08e6767a8a3fa5a3/Database/Corrections/ContentPhases/BurningCrusade.lua#L174 ; https://www.wowhead.com/classic-ptr/forums/topic/2-4-daily-shattered-sun-offensive-quest-guide-17960	-
11543	Keeping the Enemy at Bay	Eastern Kingdoms	4080	5	Фаза 5	high	Исторически сменяет Intercept the Reinforcements 11542 после захвата Harbor. ID не является опечаткой.	11542	Сохранить ID и фазовую метку; повторить проверку после открытия контента и при подходящих условиях персонажа.	https://github.com/Questie/Questie/blob/94e2a1420ba989c344508f1b08e6767a8a3fa5a3/Database/TBC/tbcQuestDB.lua#L6378 ; https://github.com/Questie/Questie/blob/94e2a1420ba989c344508f1b08e6767a8a3fa5a3/Database/Corrections/ContentPhases/BurningCrusade.lua#L174 ; https://www.wowhead.com/classic-ptr/forums/topic/2-4-daily-shattered-sun-offensive-quest-guide-17960	-
11544	Ata'mal Armaments	Outland	3520	5	Фаза 5	high	Дэйлик Hauthaa с Ata'mal Armaments из Shadowmoon Valley; часть снабжения Shattered Sun, фаза 5.		Сохранить ID и фазовую метку; повторить проверку после открытия контента и при подходящих условиях персонажа.	https://github.com/Questie/Questie/blob/94e2a1420ba989c344508f1b08e6767a8a3fa5a3/Database/TBC/tbcQuestDB.lua#L6379 ; https://github.com/Questie/Questie/blob/94e2a1420ba989c344508f1b08e6767a8a3fa5a3/Database/Corrections/ContentPhases/BurningCrusade.lua#L174	-
11545	A Charitable Donation	Eastern Kingdoms	4080	5	Фаза 5	high	Пожертвование на мемориал; исторически сменяется 11548 после строительства. Questie ограничивает репутацией ниже Exalted.	11548	Сохранить ID и фазовую метку; повторить проверку после открытия контента и при подходящих условиях персонажа.	https://github.com/Questie/Questie/blob/94e2a1420ba989c344508f1b08e6767a8a3fa5a3/Database/TBC/tbcQuestDB.lua#L6380 ; https://github.com/Questie/Questie/blob/94e2a1420ba989c344508f1b08e6767a8a3fa5a3/Database/Corrections/ContentPhases/BurningCrusade.lua#L174 ; https://github.com/Questie/Questie/blob/94e2a1420ba989c344508f1b08e6767a8a3fa5a3/Database/Corrections/tbcQuestFixes.lua#L5851 ; https://www.wowhead.com/tbc/quest%3D11548/your-continued-support	-
11546	Open for Business	Eastern Kingdoms	4080	5	Фаза 5	high	Дэйлик Mar'nah с Bloodberries; исторически открывается вместе с готовой алхимической лабораторией. Контент фазы 5.		Сохранить ID и фазовую метку; повторить проверку после открытия контента и при подходящих условиях персонажа.	https://github.com/Questie/Questie/blob/94e2a1420ba989c344508f1b08e6767a8a3fa5a3/Database/TBC/tbcQuestDB.lua#L6381 ; https://github.com/Questie/Questie/blob/94e2a1420ba989c344508f1b08e6767a8a3fa5a3/Database/Corrections/ContentPhases/BurningCrusade.lua#L174 ; https://www.wow-pro.com/5000g-in-7-days-part-1-queldanas-retired-guide-due-to-wrath-expansion/	-
11548	Your Continued Support	Eastern Kingdoms	4080	5	Фаза 5	high	Пожертвования после готовности мемориала вместо 11545; Questie задаёт верхний порог репутации Exalted. Это не дубль для удаления.	11545	Сохранить ID и фазовую метку; повторить проверку после открытия контента и при подходящих условиях персонажа.	https://github.com/Questie/Questie/blob/94e2a1420ba989c344508f1b08e6767a8a3fa5a3/Database/TBC/tbcQuestDB.lua#L6383 ; https://github.com/Questie/Questie/blob/94e2a1420ba989c344508f1b08e6767a8a3fa5a3/Database/Corrections/ContentPhases/BurningCrusade.lua#L174 ; https://www.wowhead.com/tbc/quest%3D11548/your-continued-support	-
11549	A Magnanimous Benefactor	Eastern Kingdoms	4080	5	Фаза 5	high	Одноразовое пожертвование 1000 gold на Exalted ради титула of the Shattered Sun; самостоятельный квест, не вариант дэйлика на10gold.		Сохранить ID и фазовую метку; повторить проверку после открытия контента и при подходящих условиях персонажа.	https://github.com/Questie/Questie/blob/94e2a1420ba989c344508f1b08e6767a8a3fa5a3/Database/TBC/tbcQuestDB.lua#L6384 ; https://github.com/Questie/Questie/blob/94e2a1420ba989c344508f1b08e6767a8a3fa5a3/Database/Corrections/ContentPhases/BurningCrusade.lua#L174 ; https://github.com/Questie/Questie/blob/94e2a1420ba989c344508f1b08e6767a8a3fa5a3/Database/Corrections/tbcQuestFixes.lua#L5854	-
11550	Enter, the Deceiver...	Eastern Kingdoms	4080	5	Фаза 5	high	Вводное направление General Tiras'alan → Archmage Ne'thul на Quel'Danas. Исходный ID содержится в явном списке фазы 5.	11526	Сохранить ID и фазовую метку; повторить проверку после открытия контента и при подходящих условиях персонажа.	https://github.com/Questie/Questie/blob/94e2a1420ba989c344508f1b08e6767a8a3fa5a3/Database/TBC/tbcQuestDB.lua#L6385 ; https://github.com/Questie/Questie/blob/94e2a1420ba989c344508f1b08e6767a8a3fa5a3/Database/Corrections/ContentPhases/BurningCrusade.lua#L174	-
11554	A Friend in the Frontlines	Eastern Kingdoms	4080	5	Фаза 5	high	Одноразовая награда Eldara за Friendly с Shattered Sun Offensive; порог репутации3000, фаза 5.		Сохранить ID и фазовую метку; повторить проверку после открытия контента и при подходящих условиях персонажа.	https://github.com/Questie/Questie/blob/94e2a1420ba989c344508f1b08e6767a8a3fa5a3/Database/TBC/tbcQuestDB.lua#L6389 ; https://github.com/Questie/Questie/blob/94e2a1420ba989c344508f1b08e6767a8a3fa5a3/Database/Corrections/ContentPhases/BurningCrusade.lua#L174 ; https://warcraft.wiki.gg/wiki/Shattered_Sun_Offensive	-
11555	Honored by Your Allies	Eastern Kingdoms	4080	5	Фаза 5	high	Одноразовая награда Eldara за Honored с Shattered Sun Offensive; порог9000, не тот же квест что11554.		Сохранить ID и фазовую метку; повторить проверку после открытия контента и при подходящих условиях персонажа.	https://github.com/Questie/Questie/blob/94e2a1420ba989c344508f1b08e6767a8a3fa5a3/Database/TBC/tbcQuestDB.lua#L6390 ; https://github.com/Questie/Questie/blob/94e2a1420ba989c344508f1b08e6767a8a3fa5a3/Database/Corrections/ContentPhases/BurningCrusade.lua#L174 ; https://warcraft.wiki.gg/wiki/Honored_by_Your_Allies	-
11556	Revered in the Field of Battle	Eastern Kingdoms	4080	5	Фаза 5	high	Одноразовая награда Eldara за Revered с Shattered Sun Offensive; порог21000, самостоятельный ID фазы5.		Сохранить ID и фазовую метку; повторить проверку после открытия контента и при подходящих условиях персонажа.	https://github.com/Questie/Questie/blob/94e2a1420ba989c344508f1b08e6767a8a3fa5a3/Database/TBC/tbcQuestDB.lua#L6391 ; https://github.com/Questie/Questie/blob/94e2a1420ba989c344508f1b08e6767a8a3fa5a3/Database/Corrections/ContentPhases/BurningCrusade.lua#L174 ; https://warcraft.wiki.gg/wiki/Shattered_Sun_Offensive	-
11557	Exalted Among All Combatants	Eastern Kingdoms	4080	5	Фаза 5	high	Одноразовая награда Eldara за Exalted с Shattered Sun Offensive; порог42000, не удалённый дубль предыдущих наград.		Сохранить ID и фазовую метку; повторить проверку после открытия контента и при подходящих условиях персонажа.	https://github.com/Questie/Questie/blob/94e2a1420ba989c344508f1b08e6767a8a3fa5a3/Database/TBC/tbcQuestDB.lua#L6392 ; https://github.com/Questie/Questie/blob/94e2a1420ba989c344508f1b08e6767a8a3fa5a3/Database/Corrections/ContentPhases/BurningCrusade.lua#L174 ; https://warcraft.wiki.gg/wiki/Shattered_Sun_Offensive	-
12135	"Let the Fires Come!"	Seasonal	-1003		Ежегодный праздник	high	Hallow's End: альянсовое тушение пожаров после 11360/11439/11440. В Questie отсутствует сырая строка базы, но TBC corrections явно создаёт ID, цели и NPC 24519; исключает альтернативную сдачу 12133. Отсутствие в сырой базе не означает несуществование. Принадлежность празднику подтверждена; причина пустого ответа API вне события не доказана, доступность на Anniversary требует проверки в период праздника.	11360,11439,11440,12133	Сохранить ID. Возможна отдельная метка Season; повторно запросить API и проверить выдачу на соответствующем празднике, не удалять по одному скану.	https://github.com/Questie/Questie/blob/94e2a1420ba989c344508f1b08e6767a8a3fa5a3/Database/Corrections/Holidays/quests/HallowsEnd.lua#L45 ; https://github.com/Questie/Questie/blob/94e2a1420ba989c344508f1b08e6767a8a3fa5a3/Database/Corrections/tbcQuestFixes.lua#L6943	-
12139	"Let the Fires Come!"	Seasonal	-1003		Ежегодный праздник	high	Hallow's End: ордынское тушение пожаров после 11361/11449/11450. В Questie создаётся TBC correction, NPC 23973, исключает 12155; это не ошибочный ID только потому, что нет сырой строки QuestieDB. Принадлежность празднику подтверждена; причина пустого ответа API вне события не доказана, доступность на Anniversary требует проверки в период праздника.	11361,11449,11450,12155	Сохранить ID. Возможна отдельная метка Season; повторно запросить API и проверить выдачу на соответствующем празднике, не удалять по одному скану.	https://github.com/Questie/Questie/blob/94e2a1420ba989c344508f1b08e6767a8a3fa5a3/Database/Corrections/Holidays/quests/HallowsEnd.lua#L46 ; https://github.com/Questie/Questie/blob/94e2a1420ba989c344508f1b08e6767a8a3fa5a3/Database/Corrections/tbcQuestFixes.lua#L6959	-
12193	Say, There Wouldn't Happen to be a Souvenir This Year, Would There?	Seasonal	-370		Исторический вариант Brewfest — требует проверки	medium	Brewfest: Alliance-сувенирный вариант с Brewfest Stein Voucher 33955 после 11318. Questie явно закомментировал этот ID в списке события, blacklist=true остаётся. Кандидат на устаревшую годовую версию, но отсутствие на Anniversary нельзя доказать одним сканом.	11318,11321,12194	Не менять ID автоматически. Отдельная проверка актуальной версии Brewfest у соответствующего NPC; историческую запись и прогресс сохранить.	https://github.com/Questie/Questie/blob/94e2a1420ba989c344508f1b08e6767a8a3fa5a3/Database/TBC/tbcQuestDB.lua#L6567 ; https://github.com/Questie/Questie/blob/94e2a1420ba989c344508f1b08e6767a8a3fa5a3/Database/Corrections/QuestieQuestBlacklist.lua#L713 ; https://github.com/Questie/Questie/blob/94e2a1420ba989c344508f1b08e6767a8a3fa5a3/Database/Corrections/Holidays/quests/Brewfest.lua#L33	-
12194	Say, There Wouldn't Happen to be a Souvenir This Year, Would There?	Seasonal	-370		Исторический вариант Brewfest — требует проверки	medium	Brewfest: Horde-сувенирный вариант с Brewfest Stein Voucher 33955 после 11409. Questie явно закомментировал этот ID в списке события, blacklist=true остаётся. Кандидат на устаревшую годовую версию, но отсутствие на Anniversary нельзя доказать одним сканом.	11409,11413,12193	Не менять ID автоматически. Отдельная проверка актуальной версии Brewfest у соответствующего NPC; историческую запись и прогресс сохранить.	https://github.com/Questie/Questie/blob/94e2a1420ba989c344508f1b08e6767a8a3fa5a3/Database/TBC/tbcQuestDB.lua#L6568 ; https://github.com/Questie/Questie/blob/94e2a1420ba989c344508f1b08e6767a8a3fa5a3/Database/Corrections/QuestieQuestBlacklist.lua#L714 ; https://github.com/Questie/Questie/blob/94e2a1420ba989c344508f1b08e6767a8a3fa5a3/Database/Corrections/Holidays/quests/Brewfest.lua#L34	-
12318	Save Brewfest!	Seasonal	-370		Ежегодный праздник	high	Brewfest: breadcrumb к Brewfest Spy 26719 в BRD и ежедневному Insult Coren Direbrew 12062; TBC corrections снимает прежние preQuestSingle. Это не старое Seek the Saboteurs 11454. Принадлежность празднику подтверждена; причина пустого ответа API вне события не доказана, доступность на Anniversary требует проверки в период праздника.	12062,11454	Сохранить ID. Возможна отдельная метка Season; повторно запросить API и проверить выдачу на соответствующем празднике, не удалять по одному скану.	https://github.com/Questie/Questie/blob/94e2a1420ba989c344508f1b08e6767a8a3fa5a3/Database/TBC/tbcQuestDB.lua#L6571 ; https://github.com/Questie/Questie/blob/94e2a1420ba989c344508f1b08e6767a8a3fa5a3/Database/Corrections/Holidays/quests/Brewfest.lua#L37 ; https://github.com/Questie/Questie/blob/94e2a1420ba989c344508f1b08e6767a8a3fa5a3/Database/Corrections/tbcQuestFixes.lua#L7012	-
12421	Brew of the Month Club	Seasonal	-370		Версионный вариант Brewfest — требует проверки	high	Horde-версия Brew of the Month Club: item 37737→Ray'ma 27489. Кандидат 12278 — Alliance,item 37571→Larkin 27478, поэтому это НЕ замена. Ближайший Horde-аналог 12306,item 37599→Ray'ma, уже есть в EveryQuest и найден API. Questie активирует 12306 в TBC, а 12421 скрывает при expansion<WotLK.12421 — версионный вариант, а не установленная ошибка ID.	12278,12306,12420	Отклонить mapping 12421→12278. Сохранить оба исторических HordeID; отдельно проверить 12306 против 12421 по предмету, выдаваемому текущим Brewfest. API-only не разрешает замену.	https://github.com/Questie/Questie/blob/94e2a1420ba989c344508f1b08e6767a8a3fa5a3/Database/Corrections/tbcQuestFixes.lua#L7721 ; https://github.com/Questie/Questie/blob/94e2a1420ba989c344508f1b08e6767a8a3fa5a3/Database/TBC/tbcQuestDB.lua#L6569 ; https://github.com/Questie/Questie/blob/94e2a1420ba989c344508f1b08e6767a8a3fa5a3/Database/Corrections/Holidays/quests/Brewfest.lua#L35 ; https://github.com/Questie/Questie/blob/94e2a1420ba989c344508f1b08e6767a8a3fa5a3/Database/Corrections/Holidays/QuestieEvent.lua#L62	12278* (нет в EQ);12306;12420
